-- MySQL dump 10.13  Distrib 8.0.18, for macos10.14 (x86_64)
--
-- Host: localhost    Database: projectBackend
-- ------------------------------------------------------
-- Server version	8.0.18

/*!40101 SET @OLD_CHARACTER_SET_CLIENT=@@CHARACTER_SET_CLIENT */;
/*!40101 SET @OLD_CHARACTER_SET_RESULTS=@@CHARACTER_SET_RESULTS */;
/*!40101 SET @OLD_COLLATION_CONNECTION=@@COLLATION_CONNECTION */;
/*!50503 SET NAMES utf8 */;
/*!40103 SET @OLD_TIME_ZONE=@@TIME_ZONE */;
/*!40103 SET TIME_ZONE='+00:00' */;
/*!40014 SET @OLD_UNIQUE_CHECKS=@@UNIQUE_CHECKS, UNIQUE_CHECKS=0 */;
/*!40014 SET @OLD_FOREIGN_KEY_CHECKS=@@FOREIGN_KEY_CHECKS, FOREIGN_KEY_CHECKS=0 */;
/*!40101 SET @OLD_SQL_MODE=@@SQL_MODE, SQL_MODE='NO_AUTO_VALUE_ON_ZERO' */;
/*!40111 SET @OLD_SQL_NOTES=@@SQL_NOTES, SQL_NOTES=0 */;

--
-- Table structure for table `attributeModifier`
--

DROP TABLE IF EXISTS `attributeModifier`;
/*!40101 SET @saved_cs_client     = @@character_set_client */;
/*!50503 SET character_set_client = utf8mb4 */;
CREATE TABLE `attributeModifier` (
  `id` int(11) NOT NULL AUTO_INCREMENT,
  `attributeName` varchar(255) NOT NULL,
  `value` int(11) NOT NULL,
  PRIMARY KEY (`id`)
) ENGINE=InnoDB AUTO_INCREMENT=8 DEFAULT CHARSET=utf8mb4 COLLATE=utf8mb4_0900_ai_ci;
/*!40101 SET character_set_client = @saved_cs_client */;

--
-- Dumping data for table `attributeModifier`
--

LOCK TABLES `attributeModifier` WRITE;
/*!40000 ALTER TABLE `attributeModifier` DISABLE KEYS */;
INSERT INTO `attributeModifier` VALUES (1,'healthmax',12),(2,'attackmin',11),(3,'attackmax',-11),(4,'defense',5),(5,'healthmax',5),(6,'defense',-12),(7,'attackmin',8);
/*!40000 ALTER TABLE `attributeModifier` ENABLE KEYS */;
UNLOCK TABLES;

--
-- Table structure for table `equipment`
--

DROP TABLE IF EXISTS `equipment`;
/*!40101 SET @saved_cs_client     = @@character_set_client */;
/*!50503 SET character_set_client = utf8mb4 */;
CREATE TABLE `equipment` (
  `id` int(11) NOT NULL AUTO_INCREMENT,
  `name` varchar(45) NOT NULL,
  `type` varchar(45) NOT NULL,
  `active` tinyint(1) NOT NULL DEFAULT '0',
  `heroId` int(11) DEFAULT NULL,
  PRIMARY KEY (`id`)
) ENGINE=InnoDB AUTO_INCREMENT=12 DEFAULT CHARSET=utf8mb4 COLLATE=utf8mb4_0900_ai_ci;
/*!40101 SET character_set_client = @saved_cs_client */;

--
-- Dumping data for table `equipment`
--

LOCK TABLES `equipment` WRITE;
/*!40000 ALTER TABLE `equipment` DISABLE KEYS */;
INSERT INTO `equipment` VALUES (1,'Sword of minor bullshit','Left Hand',0,NULL),(2,'Sword of major farts','Right Hand',0,2),(3,'Hammer of dumb jokes','Left Hand',0,1),(4,'Spear of incompetent developers','Left Hand',0,2),(5,'Bow of mild annoyance','Right Hand',0,3),(6,'Bow of major annoyance','Left Hand',0,2),(7,'Poo Butt','Left Leg',0,1),(8,'Sword','Right Leg',0,1),(9,'Sword','Bollocks',0,1),(10,'Sword','Bollocks',0,1),(11,'Sword','Bollocks',1,1);
/*!40000 ALTER TABLE `equipment` ENABLE KEYS */;
UNLOCK TABLES;

--
-- Table structure for table `equipmentAttributes`
--

DROP TABLE IF EXISTS `equipmentAttributes`;
/*!40101 SET @saved_cs_client     = @@character_set_client */;
/*!50503 SET character_set_client = utf8mb4 */;
CREATE TABLE `equipmentAttributes` (
  `equipmentId` int(11) NOT NULL,
  `attributeId` int(11) NOT NULL,
  KEY `equipmentId_idx` (`equipmentId`),
  KEY `attributeId_idx` (`attributeId`),
  CONSTRAINT `attributeId` FOREIGN KEY (`attributeId`) REFERENCES `attributemodifier` (`id`),
  CONSTRAINT `equipmentId` FOREIGN KEY (`equipmentId`) REFERENCES `equipment` (`id`)
) ENGINE=InnoDB DEFAULT CHARSET=utf8mb4 COLLATE=utf8mb4_0900_ai_ci;
/*!40101 SET character_set_client = @saved_cs_client */;

--
-- Dumping data for table `equipmentAttributes`
--

LOCK TABLES `equipmentAttributes` WRITE;
/*!40000 ALTER TABLE `equipmentAttributes` DISABLE KEYS */;
INSERT INTO `equipmentAttributes` VALUES (1,2),(1,4),(1,7),(2,3),(2,1),(2,5),(3,5),(3,2),(3,1),(3,7),(4,1),(4,2),(4,3),(5,4),(5,5),(5,6),(6,7);
/*!40000 ALTER TABLE `equipmentAttributes` ENABLE KEYS */;
UNLOCK TABLES;

--
-- Table structure for table `heroes`
--

DROP TABLE IF EXISTS `heroes`;
/*!40101 SET @saved_cs_client     = @@character_set_client */;
/*!50503 SET character_set_client = utf8mb4 */;
CREATE TABLE `heroes` (
  `id` int(11) NOT NULL AUTO_INCREMENT,
  `name` varchar(255) NOT NULL,
  `experience` int(11) NOT NULL,
  `level` int(11) NOT NULL,
  `healthmax` int(11) NOT NULL,
  `healthact` int(11) NOT NULL,
  `attackmin` int(11) NOT NULL,
  `attackmax` int(11) NOT NULL,
  `defense` int(11) NOT NULL,
  `finalWords` varchar(255) DEFAULT NULL,
  `userId` int(11) NOT NULL,
  `smallImage` mediumtext,
  `bigImage` mediumtext,
  PRIMARY KEY (`id`)
) ENGINE=InnoDB AUTO_INCREMENT=47 DEFAULT CHARSET=utf8mb4 COLLATE=utf8mb4_0900_ai_ci;
/*!40101 SET character_set_client = @saved_cs_client */;

--
-- Dumping data for table `heroes`
--

LOCK TABLES `heroes` WRITE;
/*!40000 ALTER TABLE `heroes` DISABLE KEYS */;
INSERT INTO `heroes` VALUES (1,'hero1',1,1,1,1,1,1,1,'Fuck off!',1,'url(\'data:image/jpeg;base64,/9j/4AAQSkZJRgABAQAAAQABAAD/2wCEAAYGBgYHBgcICAcKCwoLCg8ODAwODxYQERAREBYiFRkVFRkVIh4kHhweJB42KiYmKjY+NDI0PkxERExfWl98fKcBBgYGBgcGBwgIBwoLCgsKDw4MDA4PFhAREBEQFiIVGRUVGRUiHiQeHB4kHjYqJiYqNj40MjQ+TERETF9aX3x8p//AABEIAlgBLAMBIgACEQEDEQH/xACbAAACAgMBAQAAAAAAAAAAAAADBAIFAAEGBwgQAAEEAQIEBAMFCAECBgMBAAEAAgMRBBIhBTFBcRMiMlEGNGEjM0KBkRQkUmJyobHBFUOCBxYlg6KyNZLR8AEAAgMBAQEAAAAAAAAAAAAAAgMAAQQFBgcRAAICAQMCBAcBAQAAAAAAAAABAhEDBCExEkEiMlFxBRMjM0NhgRRS/9oADAMBAAIRAxEAPwD1rgArBarQj92m7FV/AgP2EdlZu+Wl7FU/uP3IvKeQSj7ST+opYhOSi5ZP6il3Bejxrwx9jlz3k/cW6hPYQuVKkJ7BH2jkwU9iunAErr90NrNRADSjZI+2f3RsVv2rURViczCByU4huxHzRVocP4FC3wO57GaI9t1WBoVtxD7tiq4m2FaYt36mg1EDVMMCax42ukAKJhREntoBMRC6Rs5rW+UIcLSQwUqogfNhazQWirCSAceqteJemPsqyNhcKCvat2RGqd3W2myrExNZFdUVXsqybSrVhtVRJaKmolDIKLEpborv/g9u8ZXAyml6N8IM8rT9FzdX5F7mzAd8PWq2f7xyswAXKnmjd4jiHnmkaZclap8GBECCGSfxqYbIPxWtRkCqYQql+ikPF9gqKsYCFkbQv7LAZBzYEDKe8QPttBUHHzIf4W391aVaJDhorFYn1zu7Z015UYlpfWmUnM7zp2nW7E6jymlihrHus1j3C1mE5rgQ/cB2Cs3fLS9lXcDH7gOwVk8fus39JXM/I/c6qfhPI5R9pJ/W5LEbpqX7x/cpchekgqhH2OVLv7geqdwPU5K1unsEeYoxVMq8r7890zjD7UdkDJ3m/NOYo+1HZWSlQtncz3UYRuxEzh5j3UYR5o1CN7DnEdo41WxclZ8T5MVdCNkVAhAm8UfahLUnMX7z8kRfCBcR9Z7oUbg3Q5xoDqiZ/qVBxDLLGaAUM2ooKCcmhri/F2PLWwnkN1zRzJz+NwKV1ONk+60Oa508spNqzbHHFLg6nFz8M4bmTCTxujg41/YquiycgOP2lhVzUzHzCCLku4culpLpWx0EGY/k8J4PDhzVG29qTkbiK3TVkYlwQaZemfCQ8v8A2heaSb0V6n8Jt+y/7QsereyQ7AjsW+oqsl9bu6tB6nKsf63INMtmL1TtogESlGlNaTKSCkAohSULpE6SmdtjvCbHRKZ/3RQy2iw4bziWuENONGPoE4lsYVBH/SE0FzXyzpcRRiSkA1FPJF3qd3WjT9zPqXsiGlvss0N9ltSWkxnNcD+RB+isH/Kzf0lI8DFcPCfk+Vm/pK59fU/p015DyWUfaP7lAcE1J63dyl3L0ePyw9jkSe79wNbhPYI3ckxzT+EN3prB3KicfanunMMfaNS0/wB87unMMfaNVJEukK5vqWQ+qNSzfUtwC3Rq6Kb2GeKcmdlXRDyqx4r6mdkjF6VaIECcxB9qOyUpPYf3n5KyCPE3aST9VxGVKZJSV1vHH6I1xLjax55djVp47MitgLAthYqpmkI0JhqA3r2Rmnl2RFtFpEQQN001V0ZpWERtWANAWAF638LMqD8l5PEPM1evfDX3BKzanhB4d2zpWj1qtcNyrHUGh5KqjLGXEByvT+ViNS90EpSpDEjP4giB7f4gnmYmApALQcPcKQUIZSTzvQ0J6wks3nF/UEM/KxuNeOJdwD7FnYIyjEPIOwU6XO7s6fZGgk3C3OTtbFKFPwGXUPghS3S2FtaDKc1wX5Edk/J8rL2KS4KP3Idk9L8pL2Kw/l/p015DyiT1O/qKWcE0+9bu5QCvRY/LH2OPPl+4Kk9g83JOt09hj19k7sBZTy/fHun8MfaNSUo+2P8AUrDF2kPZRPYnKE80ecd1LHHmatZd6gi4487O6hGvCS4n6m9klF6U/wATrxB2ScY8ispPYmE9hDzFJBN4xoSH6KNMl3scvx+YmUM9iuY5lWHEZzNlyE9Cq+iublb6mdLGlGCNKYWtJ9ipBp6JLGXYRqMwbqDA/wCiMGu/hVEdDLQnWDYJFjSPwp5hoKbgj8PNeu/CbtWDa8fiskUvUvgzJaceaEkAg7BBqE3DYmNqLO1Fhj1WFgLjyVp/0yVW9SqwKomfUu5Ij4bfYKQjapLKThBHwmnmpCJnspgKQCshDwmn3CSyG/bwiyd1ZAJKUfvUAS8nkkOxeeJ0DfS3siKIFBTXPOiQdekqvOveirF48pSK1YtkZNQDuT6LdyfRToLdBNv9GU5/gtfsQ7J2X5WXskeCD9xHZPyisWXsVha+r/TqLyHlb/U7uUsRum3jzO7lLkbr0mNeGPsceXL9wNbhP4ewf2Sdbp3E2D0zsC+Cok+9f3T2J6wk5PvT/Un8XYlRLYq9hPM+9PdTxvWxQywdbe6LB94xWXLgziPrCRMjYoS88gnuI/eBIviMsBYKsqndOiRSOdyOOy6j4QACUdxzPIIEoAPPYFKZeJNjyOY8ddkoGWVz8mTIm0dDHjg0nSHGmaUl+j+yII5nbCO11XBsSOWCtI5K+h4KGSB2kELmz1EoydnRx4E4nnBhyGf9IqOqRp3YvWDwWOQEloSkvwzE7kKQrVeob0m2x5u18jthGjhk5oeFS75nwpLdgtpXeP8ADcfhVKBaj1Mexa0jS3o8t8HJbzZSYbFlab0Guy9V/wDLkT4yC3etk1B8PRRw6XAGwqepK/zwXc8fbPKw2RsrvhfG34cocBYPMKw4xwpuO9zaAC5EsLH1RWrFNTjuYssFBuj3zhfxBwrOgjjiyQJaoxv8p/JPL5/iLti3n0XqfwvxaXKgME7iXxjZxPMJqjSMWVPY69SUAVJQSTUgFAKQVssmkni8+PsnBzSjATnjsk5fIx+HeaOhpYtgLdLCzeQk9CRCdlrQkxyWrH5THn3ZqllLdrLRiCg4MP3Jqen+Wl/pKV4P8k1OZHysvYrI/u/06X417Hljxu7+opchNEeZ3coDhuvSY/LH2OLLl+4DqncYeSTslSESOUxtIHsmAFfKPOUfHm0O3C0S8k+VR83srovsZlnVICj4o87Uq4F1GuqbgLWyNJVBWuk1xEVLy6JVjmhm4TeS9j5C7ekGh7KU6KTVAJGQTRlkjQ4fVu6oZeBRN1PjmtvPSRRC6YAeyI2Jr/LSzamH05P9GrSTbyxi3s2IcAaWsc0ruYBbQucxIG4+ojla6LFlY8bELzWTe2ejhUdixYxMtjCFGmWkJWw2zbQOQCO1toQKMxw91aSBY5GwUmAwUhMe0AWQjCRhGxCJRb7GbJd8nB/E+FI52trXEe4C8/8A+Pnnma2NhcV73JjslY4PAIIXOjhGI2V7oyA+jQWrHl6FwB8tZHGzzvH+GOKOlDXQOYOjyCQvQeFcDjwIwGv8x3cVdYbJG4cYk9QJRVuhLqicnVbZKQIMko+fqpaJP4we6KtojMDAlH8KkPF+imtqmWR8/VBxrdnOJHQJpBwt8yUpOZ+E0YF4i96ra37rFjNwtkGmjbqktf8AKU9kdEnS1Y/KYcz3I6/os1KYAW/L7JliCm4QKwmpvJ+Vl/pKV4T8o1NZHysvZYn93+nTv6a9jzBw3PcoLgmHFoFkgBCBa8W1wI9wbXoYTVRV9jkOMt3W1gCFAhGIRo42uY4OB5JzYHKsQNKKG+INcfMUpLNBELfL+ijdK3InS3skWFLaphxHGB9bj3Cs8XLwpXtZ4rQT77Kvmw/6Qx4ZpcMK4A0C54vqytX5aqCI3DZiyMbPxJskTx5XaPOD7EDkgZMJa4tLtr6JeKEPNtN6fcFZMsp/PilLYfiUflTuO9Fm9jQ86TbehU427pP94vmKU2+N7haZxcsbV8oTimo5E/RjrsZ8kTm6iN1ShmdivIie8/RdPhO1NpyZkxwHa2jdeZmuiTT5s9LFrJBSi+xzuNx/LDqkjJI2NLrMPiInaq0RN1O/dowTzICbx4GsIoUlySGY/wBlm+d4bYBVZNxiWPZsbiey6rHxmOi5A2FU5+KIntLW/ohjyg2000nucwzinEsubwmauw5q/wCFxyCU+IZQ8c7FJjCiYZQ8QMa/+ILp4447BLBfUpjZmdq00MRjyBUDY3niBN7Lo3bA1ypAZC29Wne+aiQMZdKkEkAEbAAlCm59mgJRdLF5EcXUO8jZtbUVIJhnNrYWlvZUEbUMAfvMpU1vhe5lP1SM3lNOn3Zc+6xbpYRsshtFcn8KVTORzCWWrH5Tn5X4jFixYjFFVwofubUzk7YsvZB4X8m1HyReLL2WP8v9Omvtr2OL+HG4kuQ/9ojY5/NjXC1ZcYg4OLcIWQzVyY0NvuFyMmMx/q9yhMgazbU879Ta6i0ubrjNT2rgxPNDocaXISLEOY1zYy8Ud9qQ8nhuRw4tf+0ufERuH8wV0vAZ9JdCAHu51W6j8SZmNHivZKynFpGnqFzs2o1EdUo70jfi0+J4DzLiXEPtKY79Fz8j3vN6iVKYtc8kEoS0yyzkt2XDFCPY1qcFhlcORI7KJKGhsNq0XGHmyx83kj2K7DDljmwxWm15401XNdFwvOdCCHQ6we999k/HkfzItszZ4LoaSOm8Nw1bpuDHttkpCPNx3jZ3cEEf5VzC0eDYIIXUWWLSpqzlvFNPdbAsd+mctXQMaHDdc3H8wCuihOy4Ovj9bqPQfD34KJGJqDYDgLR3upIg6paWE6EUrOwwN4gjZAidsWpPCd5AL6KE8rmyblWJ6H1sLFC0G2hWkYoKvgdasWHYKIDIyOQ/TESmWfcsPuFX5h8isWfdN7BMSMcm0xfJJGnykpHW6/u3KyyfwpOl0cXkRys3nYLxD/C5SD/dpRKWAIxREPHsVsSD2U6CwBt8lRZovBBReFemTuhPA0O7JjhYqBZs7pI16ZclssUVILMaxHII180vqHuizgF6BoC2QS6Uc7K/EyVhbUNA91rwx/EUVIWJ8MFYoR8n5WX+koHC6/ZGlGyzWHMfYLH+X+nTW+NHmx/2UElP4eFLmwGSOyPpunz8NZ7IfE1AirpdmGqxJxjdOjmz08+lyXqcrPA2UCyRRuwaKVPCjO4ulnkkAG2pxNfqrJ4Nm0zFtE7snvDik+vptilnyx8PUcHncOEBJBsWqU1ZFhdbxh1MK5DSufqMcYzaTOrpskp47aBnmhEorwAEs4rOjSxqFw1ttdEXscByb2XKsDnkALocXEnyGDSCNPUoo45SewjJOK5OlxM2INayXAjLwNnXpLh2IVq3iuKCGvxZIvrsW/2VVFNnwsZDkxxTw+zgP7EBOnheM9uuLxGA/gLgWj+1qlhzqT2YCyYWuS4MMbw2WNo35EJqGXZKYk0TGBgPIVusa8BzhR3WfNHK7tM2aacE0k0Fys6GOyXC/a1Rf8u8zbBM5HD2zP1a0BuDpcPLdLOjoKN8Mu4eNsawazStIeJ4k4G+/wBSuYOCZSLiopocHla3y/5UdEcZLk7WF4oEK0Y/yrlOFiWNmh6vTOyKMue4Cgqg7M+akb4hOIvC1dXtb+pV4B5GLzLifGY554xG46WvDufOlbx/G/C26GZEU8bh1AD2rV8qVJo58skeqmdfk+sdkqql3xPwKdwLOIMA/nDmf5TcWdhzV4eTE/s8FbMa8KOZlknNja2oWFu0YC9mEWKIK3apos1L90/sneGj7EKuyHVE76q2wWgY7Oyy6jsbdMthygsIW1s8lmRpZWzbvQqRJPUUNbY+VHMnvNmLFixWAV/CxWG1GzBeHMP5UPhg/dGdkbK+Vk7LL+b+nTX2jzDCny8THDIydxaM3ivE+ReQFgGyERuu3DS4+qMu9HMlqJ9Lj+wJBuyUZp0wvPsN0JypeMZr4IdDHUXUFplUYt+hninKaXqyjzuIDIc9jWnS081RuPO0w7Zv5lKvNrj5Z9eSTPQYcfRhSBuPNLjfZbe4oGvzDuqhHdEnJ0XOPCzmT0XX8IEZhNOs3yVDHJ4eKC5rRq2BI5pJmS6CS2213MdFq00lGZg1Kc4noga0jcWFYRioTS5bhnEnTDw5CNXQrpjI1sdFwAXQdPdHPVrZiId9oiSTAOADwHe1qnz+INxboC+i5RmfLNmRvkfvr/JZtVKKxtUraNmlhN5IPdJM9LMpY2nbUq6TOcxxLSEzleEcMPBF6VxxzDrK87022z0qbVI7bBz5pCLauqje54F0vNMPiIZRsK8x+O7OJPJC4SLc33Z10uTFAC40CFwvFuPy5EjmRupv0VLxbjs2VKWtJDVTeKxooGyVu0+nqpNHM1OdN0i98cAACyaVZmTnxAelIfj7Dsj4zmBzfEY14vkdwVvil6HNb3ti7ch4+iaiyntOqz3C9GweA/DHE8dksWI6B4FObFK4brcvwHw8kmPMyGd9L0N1doW5Q6kcrjcdzIwPM78nEFXsHxPOKDpZB3pyx/wLkN3i4hE/6PYWf4tKP+E+OR+iKCQfyyAf/akLSfcYpxOtxONyTAU5jlcszJiBcIP0BXmYwONYrjqwZqA5tGof/G1I8SyoxUniRm63sKOD9UW3japRPSZsoFha5r2n2KusLNxTCxnjN1VyJAXlePxnKbscl7hXXdW0XFmyeV8cTvqRp/wkZcbkg8U+jY9QZIx3JwKm4jSd1wUT8Ui2sez6xv8A/wC2rCLLFU3KkH9QtZ/kyvhj/mpouHHcqFhV/izP9E0bj3r/AO1LPEzAfNFf9O/+FojwkYZJ9TaLFYq79rcz1sc0fUFEGbB1eP0V1+0Bv6Mnw0fujOyJl/KS9lHh4/dW9lLL+Ul7LL+b+nS/EvY836fmUJyL0/MoZXpILaPscGT3fuBKoePYUkuL4kbC5zSDQXQEIrQPCOyuUbi0FCfTJM8qMrXCrojmEi9zbO4XU8Z4RqL5scU7m5o6riZWm63vqubkwdD2Ozj1PVBE3v8AqljI4GwsDCeq0W6eqBRojm2XmBx6TFiMRhY6M+pvul8jiUcz7EIYOm9qlJWt1I+FgS8RfwcR8NzSOhXUcQ4vjZfCBT2iTkWk7rz9lhELqCcsskmhbwxbTGRIapQEvmCV1k8lZYuIXuDis2WfNnS0mB5JwUV3LyPJlbC0B7qr03sk3yEJkx00BKPasMKs7+qwNQhtTo2yZ4PNGlyZGR01yRJo7oMktilohBNpnGzScE0E8c8yd1DxXEhLCyVOiFqOZLlsfbJ5uas4JPM21QA1XdWLHnakyLEz3TPQOA8WODOA4gxu9S9WhmZKxr2EFrhYcF8+YziXNBcvTPhjiPhv/ZXu1NPotXOPUrMklR3ikAtVse6kFnIiVkLWzg4EXtyO4WLYVUMKnM4bw+Uxa8OE24X5AD/ZNO+E+ByNBGLo+rHOCLNvJF3XQsHkasmWU09pG/TqLhbRxr/gvHu4M/IjPsacEtJ8NcYh3iz4pB/O0grvkOX0FDHNktJsOcYpN0ebvg+IIdjjNkHu1wWv+Qz4B9tgztHvpNLt1m/QrWpKt0jB1NNnGR/EUYNGWRp9k1/zkXWcfm1dFJjwyipImu7tBSTuD8LJs4EX5Cv8FT6foU8khzh4rFbupZXysnZR4f8ALN7KWX8pJ2WT839N/wCJex5xWyE4Io5ITl6SHEfY4U9m/cEUdn3RQUZv3RTAbKz8ZCo+KfD37SHzY1Ml/hPJyvh94m2DyuVSipKg4zlF2jxjIinieWSxOY4dCEg/mvSeOcPGS1z2DzgWvOpWFppwINrFmxuL2OhhyqSFwN0SqUSFjWutZ2PDhQcSaAUrpqZghsB1GygckkOxwc2klbJY+LqeG0eVro4YRGwAIWNBobfWk5yCw5J2z2Hw7RrFi6nyzRApV85DU69waCSufyMnW40qxwdlfEs0MWLd+J8EXyaiSgl1qN9UIknktsVR5LLNtttjIKkDaGG02yVMJhnJpqF9Oo+yUbzRqp1okBIsWudYLSr7h3EXRzRvunNNhc22yBSdibpo6wCmxYicUz37hXE4OIY4kjO49QVoF4TgZeRjPbJBM5jgdyxelcH+IYswCKeQRzdCaDXdrSpQ5aE7o65SQACeTifdSp1JQaZBwvIh7rpQBQXNMDjmRrplhzeY6WBVjRqkKf7ooyWySRGaS4eZBZtoMRsbLLChqfQ2CzU/2C2nMbJrFDU/2WW72UBYPA+Wat5nykvZZgCsVqzM+Ul7LP8Am/p0/wAS9jzjp+ZQnIvT8yhFekgto+xwZu2/cGUVv3RQkZv3RRglcPWU630nskh6ynG+k9kTRae5WPA8Xdch8QcG068qKtNfaBdkfvkcQslilY8W0jdDOPVFoLHNwl+jxXwgADuVNraV5xbhkWHNpZLr32BbRr8iVTOFBcvJBqR1sLtKjTGB76V7jQbcuSr8OHWRsuhYygFizyrY9R8K0d+OSJMFCls0Oa2qnOytNhrgssIuTO7qM8MGJydbLgFnZnNrVSl17rHPuySgB1lboRpHi9ZqpZ8zk+OyCl2y1EVqi4gI7maapNRie4dtdVM0AlzzCk526sBswk3sjND1kbG2CUYuGtoCsWwjGOdtaaZCbHmtbDNPJEiPnCNMWx6HU0taHJ6SbS2wOSppnuZICE+15pvIg80SYMo0j1v4V4mczh4bI+3x7b86XVheNfD2U7D4lAQ77N5pwXsjTdFJyKmLIwC8wLolz+J887sF0HUrm5XczrYlUEZ7JfJ5BHvklck8u6HHvJFZ34GKLVLdrFrOYzSxbWKEAcPv9lbuszPlJOxWYHyreyzN+Tl7JP5v6dG/o/w846IRRffuhlekhxH2PPydSfuCKM37ooJRR90UxollePWU430pQeoppvpVvsQRP3ybjIDXknokz96VScW4sIY3RMI1FC3SYyEXJpJHM8Yn8TNeb2CpSNT2t9yiyvLiS490fAi8R4cRyXKz5KTZ6H4fp3kywhRbYsIYwJ3kFpoAFKMjwxtlcmTcpHvIQjixqPCS5F8mcRsNncrmZnl177prLmdJIfZIOWvFBJJnk/ieslmyuEeIi4sXZRGR00lCPqTjR5U6kcZs1CNQJKmXb0psFNQX81ZVhOamGhAaUZtkq0Uxmg1tqMB1SgoEkm9J3BZqcCiFy4LQiq7IbdnhFnsVSA23FWBZPKJBBR4JAYue6XyGuLA4pWGQgqkHzE6WKQtMbgaor2nguZ+14MT+oFFeFwu1gBei/CGa8Pkh1bK57oTJU0eicON5Mp7K/wDdUHCrL5Xe5V8ea5M/Ozpw+2jaSyTum1X5JOpFi8wvUbRBLEO3ey3qI6FaaOcya2oa/wCUrNf8pVUyEcH5Zq1mfKS9lvB+WYszvlZf6Un839Ogvs/w836fmUIovv3QivSQW0fY4Et2/cEUUfdFDPVEH3RTGBYiPUU0PSlG+opq/Iia4CTKfKnEOt59l57mzOlmc8nsuz4s6oXrgJH2Vl1Mnsjfo0uQTtyB7ldFhQ6IwqGFuuVoXVMGloXF1MuEe2+AYG7yNbk1U52R0BCdyJfDYTa5qSQvcSUrDC3bNXxfWLFj+XF7sg51hAJUnFCcVsPIylbbAjeRM6twEq0+YorDblBbHmHZAkPNTGzUAu8yugTbHbJnVTUnDuXd04BsrLs0G6irnBbSq27clc4YpoKNITPcZm2AWRsrdSl3pSYrARudmrHeqMEhyvnEljh9FQ3Tj3VNDI7pltiyUQup4NlnFzo3Ari4XU4FX0MlGOT2KqiM9/4K7WySQcnHZXy5n4Xfr4bG5dMFyp+eRux+RGJGb1p6lXzHzosXInVOkiFLKWrWWtBz2zdLKWWstTcgHB+WaszvlJf6VvB+WaszPlJeySvv/wBOlX0q/R5qevdCKL0/MoRXpocR9jz0uZe4NE/6SEeaIfQUYAiPUU3+BIa2gm0yJYy2gd0dOkXdHOcYH7vKvPXne16PxQXBL2Xmch9QWLVbUzpaPdFlw1mp5cui6FVPC46gtM5U/hRn3XBy3KZ9I0ChpdD1t1tZWZ2QXO0jeiq4qbzZJ90FxoLVGNRR4/Wah58rm/8AogTul5XbqRf7IZFozKbYKbaLHzWj6R2RIeigIx0SbiLTr9lWg7u7qEDY4JLtk9yCWi2aiFysHkPGdleYp8gVA08leYx8qOIqSocfzWAauSiTssj7o6FjMbSGm1z8oqR/ddFGHWufywRO5Cw8b5JRuV7jOuOlzrLJVviPc12/sqCdntPwDnGTEkx3EW3cL0cFeCfBWecXizGE+WS2r3rY7hc7PGpmzC7iSPIqrkPnKsyaaeyqXuNnYqsIrVPZGLFDWf4St6/5StBgJrFHX/KVmv8AlKqmQ1gfLNWZnykizB+WaszflpOySvvf06bf0k/0eZ9EIlE6IRXpsatR9jz0+Ze4MndTLhoItQUE2hVi5jWgykYqCZZRT8TcG40hK8wmd9psOa7/AOIZw2PQHBcAy5JgFzdZPsdv4dDqlFerOoxRoxmH6Kqy5zI9PZEojhY0EXSonyHclcfFDxOX7PV/F9UoYsemi+IbmFyUll2IWPc48kHQbFrSecNx3VozNytvAZEoYx2VEZt9akeLmErNetGidyUYI1KaB7KsZbnqwmPkKr8c+YqELAmgogklRduVNuylk4JeIGb1avMJwcy1z/N1K8wqa2rRxYqZZ6bpCB8xH1RgdkuT5kdii2h5Kh4gKnKvIN2ql4rtKD9FGi4MUjO6toBqpUcTtgr7E3LUIbbRY8KmMPEYHjm2Rq+l8Z2uCJ3u1fLUMujMv2cvprhUgkwIHXzYFk1S4NGme8kWLuRVYeZVi70lV3UpOLuDq3wjSyltbpOMRGllKQW6VWyAcD5VqzM+Uk7KOB8s3spZnykvYpX5v6dJ/aS/R5ghORnf7KA5enxLaPsedyPeXuQtRW1FPFEUNxoWplLzvDYnm+QVlnAccyNeS5nQKhxdp79kznS68l5v8SRYSHOXG1D6mz0OjlHH0S9Nx3KlL3mikSHHmiV1JUlmjFRjQzLleWcpN2/UCWUFprd0UrBso+BaFcp21LWMoT7uKJjIUtyyT/WeyyLZbf6z2UWepWyhiY/ZJaBtNtHl+7UGEaRRUIEpS6KNrHOrmoQlELerWE0q6CudpwOqkaFtWXMbrahONFDhfY/JSJ3RoVVMt8Q2xVXFttCfxXeWknxgfZhyJ8FRb6ijiPJdDimm39FzcRALVeiYNgVIYyTDqmLh7r6V+GZPE4Nhu94mr5nwzb19F/Bj74Hjt/hFfpss2q8iY7A/qS9jqZDTSq20/P8AdlVu+2yz4lsBq/OkTDlK0Lf2UrKbRk3J2t6kOyssqqJuQwPlmKWb8rL/AElR4f8ALN7KWX8pKPok8Zv6dPnEvY8wd/soJRCf8lBcV6nHXTCn2POZE05Wu5EqC2SokpqFESqricmjFefdWl7rlviOfRAGgqsm0JMZiSlNL9nCSuuQ2sa1Cf5rNo4a4Nba4cpW2jvRhs36bE9Apac2gpA7LRKAnANQcaCkeaHK6mKmy0IPNuKYxuqTBNpvG690KYRM+oqDfWpP9ageY7qNgjE/3aSgk5glNzbxqqBoqFlk+UBt2k9ckjrtQLjSYgYCLVkrYsYXeUbJ1jrVcC8DyhFjkkDt0SYtouYyiatx3S8bvKp2bRoEtMR3nKFxT5YqWF1UuKD91eibtC1yc1FzKcLyW6SlYWmgaNIp3eFSe4wt8AecL6B+B3f+kgfzuXgGHs4dl758Dn/0z/vKRqftIZh+6djOajKRvYJzJ5DuklnxLwi9XL6n8N2tqK2mmS2bWLSxQlsBw43isKziMoZiSkkDZVXD8wtxw0ttV/GuHM4sGtORLDpP4N7VPA3ltmyOqx/KSvc8hk4jnMc4CZ3M9UueLcQafv3/AJld4/4GhOw4jIP/AGx/opc/ATOnEXDvHf8Atb1OSqpGZzxPlI4c8ZzxzlP6BaPHM4f9T9Whdg74Am/DxNv5xkJc/wDh9l9OJRf/AKuRfMn/ANMq8H/KOWPHs0fiae7AqLiefNkuBkAv6Cl3snwDxNoJbmYxr3v/AG1ec8QgfjzzQvHnY6j1VSyZGmuphwWK1USs1f5VlJ6GKqfzaraT0MWOT8SOrFJYcpC9lErYWFEZAJ5oGQUcmilJjbkLYURQ801jdUu/kj4xVBBJfWFFx3C3IfOo9VYIWQ/ZKr/ErKT7tVlqu5YR3NNxODWJRqbY2wrINsmHsmBpcEkAApB7rqirsCizjfW1pkP2VMHuHQppkxRJgNHQYcmkpzO0vxn9lS4svn/JWkrtUDgmXsLezKJjqiAQ47JQ5H0dIRI3CwqXIbWxe4fqavefgX/8a7+srwXE9bF7x8Bn/wBOd/WUjUfaQzF907HJ6JSwmMom9kpqf7BKxrwoRqXeRsmthD1P9gt6n+yYZgixC1O9lmp3sqIczhn7IJ0FV+FfgBOhw91vlyZVXqEWlHUtByEMmsUdSy1VE2TFcx+jGldfRfNvFJhNlzyWPM8le/8AH5/B4bO699JXzhku3VulE06WLbYm71fmFcO+6YqS/OO6u37MZ2WSTXWjsRTeDK/2iCgSpEodojNRE9Ug4+Ypx5oFV12Sgb3CSMedkbHS7+SNjKFhpPWoO9SnJeoITj5kRQV5+zVaDuU/Ifs1WoXySmMx1fNPtFBVrRqFBOxOezbmrIG7ojS0IYlN+ZuymJIyiBClwrZRs2th8fuFPXGrKDQzaHC1eOeTCT9FzvkPIG1bwCQQODvZEhcqKh3M90RnNDHrcmGC0SLflLjDdqI3XvPwFYwJP6yvBcMaaK91+AH3h5H9aTnX06Lw/cs7fIPmS6nkHzoVpcF4UZs78bJrFC1sFEJJLaha3ahDyfH+JYoItMsF11DwP9KZ+NMNu5w5iPcOaQuJzgGRk/VVk2Q0Njp7mN/iF/6TVkZr/wAuL/k9JPxtw+6ONljs1qkPjbg3JwyAfbwxf+V5gZCKLJXP39VG0KWVz9nO1D2o3/dX1sn+bH6Hqv8A524GOZyR/wC0pD434BsTPMB7mJy8mLxqbXOtv/8AUtHLLdnuror+YV/mid18S/E3DczAdHiz63EbjQWrx7JfZtXGUT6vEDweurUqDIJ3QSyOQ7DhUOGDj80je66LIFMjXN4huQLpsv7qNZXL6iO3hwdXw/PP9oTtQK2CtWtFnHqmBl2aUgE1kO8hSQOwQN7hpbGO5I+OlXnZM452VlDUiVeUw8+VJu5qygrt4yq921Kwcfsyq152Q3uWkHY49E4yQEUUpjtsJsRs6lEQMCPcIzIQ5LAxDYJiOdoNWAiQLCmAe6k2AXzRW04XYRGt3RqmLbYaGAWrF1Nhd2S8VAc0SY/Yv7K2BVlFfmKaiO4SbCnoWG1YXYt4XBumivZf/DmfVj5Tb/GvHIGDawva/gHGZFgSygep7qSdQ6iFhXjO2mNvQrXOZ/Ec5mbM1srdIdt5Qk5+N5MADnzRtHuW7JMMsKSsXkwZJSk6OwWwuPbx7NewOYIXt96RGcczy4DwoSjc4iv8+T0OrtbtVP8AyIDQ5z2AlMNyHOAIeylOuPqV/nyeh4nPA2Rjgeq5fJ4dlQG4/Oz25rrTSgaQdVHR6TgxM8Et8R39Lv8AXUIxkJbReLrkQf8AK6ifAx5h5o2n+xVVLwKPnFM5ncalayE6Sna1zgRyHteoH8qWCJ7SDRFexsJt/DOJN9MjHt9g4g//ACCVdHnR7Ox5a7B3922i6kTpEcp9m9IHY3f9gqed1tKssp5cfSR9CFTZLvIVbZcUT4fvKuoyPuQua4aPOSukm+5WOT+rH3PS6bFfwnM/UrhyWFZ0Cy1tW6R5mS5Ecs7FKNOwRst26Xagvci4McdkzAbalHnZMY52CtMr1Gncks8o0pSt2UQIVxAZzSHO06RbSk/p9ULCQ5jkNajF7DzSwEgaK2RWufyNFROyBB4R5Eoga3pYUQdH4dkQTs9kQDMaXxuvorKKS+qR8aIiiFKKvEBbatNoFlwxwvmp5L6gKE2MkGklnSubTLVtgppsFC3U4C6KvYIdPq9lzzH05rlfRT628xyVxdkki3homgF7h8FCuCxrwvDfTmr2b4L4hhuwjiDJj8doLjDfmI9wDzCVqHcA8KrJQPLdqzcm+YeqbLi/aNEXL+bTdEdkfLyrkyHgjVrd+gXm+T8TcSx8l7YZIqDvxsBWWELNUnR6g3HkoB0jeQ/CtGFzd9bV5sPjnjQ6Yx/9tQf8ccXdQdHj1fRhTHjkB1o9Dypi0Ahza6hWWNDOYWFkzaIteWYvxFk5U2iRsbb5adgrL/zXmY5MLWR+U1yKW00A8hDX9VHWomvZR2TWMC6rWrUFAlUXRIqNrLtDdYBUIcXxh1ZBFD8ly05sroOLv/eHLm5Xbom+C4dyy4V6iugm+7K53hJ866SQfZuWOcvqL3PXaHH1/CMvsys9lolA1ubex5ohPlJW6L8KZ41vn3ZVZJuRYzkgzO86m07Ki6qiL03j+kJFxTkHpCJAPaw0p3S97qcp3Qgd0QIa9kBjbkRkLVpchsNIMdTT6tllvPIk/kixC96TbQPYK0gWxRrZDtunGQsPMKe3QKbSiFtmeBGnIYWXshBHjdRRoB2N6tDSuay5dcxKucmUiIrmi63koZhY41bHI3K0hdSpozurGFyCLDcS/wAeTcWu2wOLNw2xR5OJFLC/dhc2niurHCqIXB4zjYpepw42RN8KeLBDDIYnBwL+Y02SQqy/aXuFi89lbmZ8Yx5TG/WCCQ5eVzvuVxuyTdrrJZ5vBkL2DQ8/h9iuVzMdsPmYSWuSoOh8xfXtawP3U8GXTOwEA2aILdVhGz2RRZWlsYo7gAUmdYiWyGsNh8RrgVcvlge8uLN+qFhX+z9C2txe4T4Y1wBGlwpZpytgqDkOa29SFuweSXDD7I4LWhGmaKNhboe6GXgIfi1vzV2WELd9ihua4A2t675KD3O0lVe5DgOL/MuIXNSnddDxR32sndc0Tv8Amj5JDuXPCd5yunm9JXJ8KJE3Jdc9uqM7rFkdZEe2+Exc/hmSKXZlGeZ2Q37A7rUhLX0T1Q5tIaSCtsHcUeIyxrJJekminmP2hRGHZKuPmKOw7IiM07mn4j5VXOdunYjsFYtk5HUl9W6nMd0BhtyKwBxt0jNiHMhDjTTUPcK6RNoFUAjsCDRpapw6oweRk7KILr2BWmvB2KMGk8lYD5CROBNONbItBrhVpUmuQ3Q6mcQbI3U2LY1lG2UqB2xKu3AkUSqiZtPQtjI1RuM7qwiKrW7JuJ1FVdFF9jOAewkbWvZvh/KDPhjKDywt0He+RINLxSCQil6fwLivDGcGycWZrvGLDTdIOvshy/bSJBeNHNuY3SIHixy7pX9gjYHDW17DtpcmsgNjeXEO0WeTkgZGtlI1eQiw691nTNSa3KmbhwhlDm7b2AOiNOI5JYvI7VWnkrICOYWJDt+ZSL4ZHS+aQaVOoXKNDfpYWAg0OThVJqB7/DG4P/fSXjLg025rxWzqpTD3NFBiW+SPwpUPeIRsp1qSTZSTaZHLUGtv3sJoRtoe40wArCx0ZohaEzr3kZfLYUiOmYxo1ubd91KZDQcPZQkJLHANPJFE0bgaooBdvz2V9yHm/F3fav7rnS7mr3jZrMeFz59SNEWxaYGTFBIHyGgF2seTjTs+znY81exBP5rzaU0FYcJJMjtyOyX8n5kzsaH409DilBwTTL2do8U7quynaY6+qePrIVRnP3r6p/R0bHHyZFlySnwpO0VpcbTDTslSUdvJQCTNE7qwxjbFWHmrLFPkUANTckKGVjKDhv7pktJJ2Sj4zvsoUOCMOBcxxu0Vhnuiywk8eYg6FbxAvApWuSOqIh5bzbSkJgdm1a1NGbQ2EsNujBCIpB26y6i1PRxSc96Ucd8cg2cOx5qwAoBGkJk6kCEQrluhmIje05yQnbq+lFOQuWqqyYzrV0QKSUrdYNoGhsGUxBCOxxU5owACEIfQpTVDOS6x33QXWYk0QxnAxnUBbJGuog/ULiYHNJAOx6Fdzj4ByeGmdrYtce7yHESBv1bycOyqcvCVFbiGVlvkob/pztISk03eijeE0OaPK4BZLja3a2gDos12NUQMeSY3ANItGjJkc572tv6JR0DmEkJnEYHRv8h1Kdwou3TD+PCHAAU69/YhGcx12HijuN1TPZK51CwQboj2TMs0ji2rFCqQsW92yyfLExup89H2LN1qLMikoOy9BPI0QFWnjGQZAX9iGeVCn4nNkSDQXMA6OIKKx9FxK7RIGul1CrDhyVjg4P7a0mOYAjo9lX2Nrkn8QnJDZH0AdhQT0fF8uEVFNIARyB/0rtko6aThz2XeQSG+oNZqr8gVpvDmOZqPEcZt8g86D+hXNM4tnxWW5DxZutiP0KLLxrMcARM663sNpSyUcf8AEURiznNLgfqOS5o1au+NzvnyQ+R1urmufdzTlwgKtM3Idh3V/wAJi0t1Fc682V1WAKhb2WjB52IzPwLYLIfOXKizX3KryU0CubndchQz8zLgk0mwSMOSXG5TX4UAbQIlPwegKv8AxFWmO3yKAMajMfIuRXNYBemwggRuNHZHZGQdjY9iiiDYP9ngeCQmceFzPQ+/oVLTp6bIrHC0wF8G3k35ghEMPNOhrSFnhNKukwbaKw49nVG+im8fKlDgyUEn36I3gttaMYCqnEq0yxvYLKtLtdQpMs69kadgNENIS0jdinWiwbS0ho0ULQcZFc+MuYQq/Q9p5FXD3bbBAocylyQ2MhVhcCNiu4xc3E/43Q/EZ4tgtmaS13111sdlyPlXWcHjjc1gkALSRYPI/RJzOoDMSuZXRePFkuJFx1zKdMsZJINfRSnaMfJ8KNumN7RpadwDyLbKXeWNkLaFD6rJtQ7e6GHRtc3c7FagZiwOIa8u9xzS4yB6SDSyONnivcHblWpUB1U6osGskD9cYDmuHVqhIItXmiZaIx0jD4e9VssOE5/m1hXdjF0d0cvjwCeyJWCt+Z/0CldRZM5usGkxjYkkcRdpIQngtd0KlhGzpe4OKkZowdzSUmmlB2bSiyIPILn1+Vq7IPeI08rUwC8U0E9luNluaGlh+tJ8aonUC3cUdiVZRxPFdpAqQldHx1v2t+Xn0XOHmnQfAs0Bqc0fVdfjjTEOy5OEfat7rreUQ7LTjdOUjPm36Yi+Q7ylc7IbcVdZj6jVI7ekuTt2MgtjcfNM9EBgRwhsJkGRl8gAV8yMNZQHRVTIboq0x4T7lWuRUg0MAJshNFoDhsoh9cxRUy4Ec05IA25qCQWm0ZpJ2Wzp5FSi+DTHJljr6pUsLDtyTMYFarVW0C0gEssjXUWUpNcXIskkUg6WoNI5Ur/pX8Nk01Oxmw3sq9xFHdWEP3TVaKkESs7bITQQpRsVbKFJW0AgEhNvAICReKKXIZAI2ieSvuGuyWvYY3UORCoGg2Fe8Nkc1wLSwkG9LqcD9CCkZ14GOwvxo6DKxi6pHXpDgHNPTUqqTHLZSGU4dbXVDS5j42AfbRDyE0WlUEzmteQHnxOTmrlqck2O3bkV00bAy2ht+3IqvjkeHAubVHdXGVJHK1ri0OA2IcOaRzsF8UUUjInNY7du1cugKddoXPsw00sbZSwP6Ai1CGecMNN1C+YcEzg4L3yQvcwim7mjW6QyZo3ZWSWS+XxDVNFClcZBwpormSyBhDJCRXIlKuc4negU1jYj283gdzSLLDvyB7boxglp8VtVueqbexkMIYREXVzjJuvrutNi9i1H8OMM3Db99QKhBdk5LQGxBpHJwBB/VadLNI4F7nAjmSSUTaqBAUg7FFatY93AAj9ESKOa4xG8NDjq3PM2ubdzaut46Yy0eE+2fp/ZckU6At8jGKLyWrpZXEaQuZw/mGldHI7dPT8LFSVyRW5Z1bKvc3dqtWxRz5LI3v0tca1ey62f4HyImMcydtOF+ZZZ5adMfCG1nBMYegKeixy+iu9g+BMieBpgkZ4nQOa5gf2JFJHM4Fk8P8s8L4n3uxw/wUHzldDFicjnmMDNiwpqOgUbSDsRRWGKhsE6GeNpMHLpZVaNgA81ox0LWCwjgWtaaatGFpxe6FQ4tKbboI5LPDaeaiWlqsnKJmOt+iBI4sFDkUz4lM3SJJeTpcDSFvciiaZ5SmY3gE8uSX8QkUWo7GMPRWolNo2XW4ggBP47vLSTbFZstpMs2RJUA2mg+4ctTRh29rNSnYIRcgCBiqyCUm4G7tXRaHAilVyRfaFpBr3SppjYSIs81UVa4eO43QBJ5AmlXMhcxw5aU8ZXMFg0kZl9N+w/DXWjotUjZcV8jiw6XA6tr5FKvyBPPI3QGyXsQ62u/XkUcZMw4eyQx6i1xJB5V+araL5dQxi01fOwVzlFWbGjGku5cxzBXRYn71hy4rqc+MeJD3AohVDakjc57KI2NKGJKcOZs4k5HZXJmeTqVNFxBIyPh008jgDpOkd6AXNQxeT0czz911fHoB+yRPhax0M7tQZsKrcgfmrnhHChLgQuLXNPVpDtkEWu7GxhbpHnJAe8FzQwddN/7tSmhwdNRSTg/wA2lw/tSKY3tJbz+iFp38wFLUWJCDrpv81sxbelW7ImVyQ3RnVRJroD7qqKKwRFv4aRGsa4H7AH6gqzbjxemSvpZpY7E0OGkoiHH8bjqDlS4945rv8Aj0VY35LgJDuR9ExcANBcL71qvnmgVQYe0rVdTHyo7fSwKuSF4yNe/K917zwV+C/gjG5WSJIgLDHmnM/pevAhdLoOGfEPE8ICGKUaOoc21izY5zNeKaWzR6fmv4GcZ8kGXm07Z0bi4Dt7V2K4PIyJHnS17ywHy6nF1fqjZHEszJH2smoHehVBIsB1VaTGLXPJrjTRNoa7nzWnBw2Rg6D0uNFD1Oa6tV90T7MekmqAk/RY11FGLG87UXR7ckzHncHzsZ82lWThbm9dLTnGkIktNEFQkeRvey3xyqStHIyYJwluLTzO3ACQ87eVD80Z7iXFBokqm22UkgjZX8i9WUM1ilTkI0ctFEpMpxTOhY6wmAquCYHawrFhTo79xE1T4JFFaUFxWgSjB7MYtbIZVndBaTe5UwbRWmL3QAgueAFN1Ne1ruVhSAOsVaHk+GxwLzz225rLqto0atKurJuzqodOREIGx6hosj6cigM/dyYZzcsEhFHbU09Ulw6UaC1r+hAN7pyesvh8WXKCJQDHIet8wuW/MjpVswDp2ky6ofKd+a3iAn7MtprjSQx2SSW0eY1YHXkrzAhHjOla+g1tOaeyGfDM84OUolpLM10bcJ5AFtdH7B4V7FlGONrC2y3Y7rncSQTATOg1gPsO9qTeRjYGZIXid8RaNJF8yOqQ7ZognHfYpZ8HPa8eIWPPuZR/tSZwrOdyiYL6mWOv8rmpfiYEDTj6COfVCb8RRO3MDb62xptb7Ao6s8OzGOAf4dj2mZy/Vb8DMaCw+IAemoNaVyOZ8QDIaGCFjQOgQ4uNaY9Oi6HUKWVR2v7BPWhjC5x6NkiSn7Fm2WuLowDuHUP8WuVj47Lux8UMjD0ewbLosTNhkgIe4gVsy1fUiOMih+IGTfshu3ACg4DZebP6r0TjTg6JxjJDK5Lzt5F11tNgwQ2GLerWayQEhgDzEqxdsSifIF7i7jQWoyTI3utPpTh2dYVNbETrc6yGG4QbRYMYyTxxjcudpHdU0HEZIwGuaCug4DxnhsPFIp898rI2kOaWM1UetrHljNKWx0o5sfRH1Ov4z8FT4HCW5zJg+qLmBhaR/crzxs8XmOte68Z+OvhKfg00MXEZHl7CAwROBs9186NIA2KVplKTakmLyZ3HdDzst1ka9k7BLFooykuVESLRG77ArZ8hPYVHVyjZcMlJl0uoj3IVfO8iRw8pb0pAc17d9TlrYjYklFixODF5s6yB2BjmfVDfH7KIJaQaKPdm1poyN7ibo3DoUOqVoACN0s6IWo4lqQJhNijSvMaTU0XzVMYincUuDwCrhaaBnTRZkhYCocy5SY2gnCexK1IPWiNloBX2BG49OoEi0KWMPe5rpA0O5XzJ/wALGeoJbNLnW1po1Y7hI1L8A/Tr6hLhkj4crZvXzDpavYzI7x4GkhrmXR5EqghLHRxvb0dR+hXSsmOjHnHZ56m/p+S5OSSpnSlF9LZRYGSYns1Eh3ItO1Uuhx5ntgzZQLdoe7v5VUZUUTZhlxAeG/ZzB+F45/qF0uBjMlwH0dnkD9TSFzVIVCLk0ix4O+XDxpJCNcTm2YZD5T29ko/M4XI4uP7XET+AaHgdis4plGGKPHjYXGtw3nSXh4RHKwPM1E9KOyCF2x0lBUqPJw6ytEhu12FtrbIA5lXLeGSRw63gV/LI0rYCyoYyM/xoUhew/iA+qv2vihjLpWgurykKrMkc8jjKXNBHMAFWCJta95BHdW2PkOGzm8vdFwMOKR4s+Qda/vSu/wDisOQu8CRzz71pCovqZz+VL4rHUABS4yYU93ddxl4cuM8se0BcTlD7Z/dNghUmN4Fhh7pqR26Fhj7JEemtC1uxZxTEWzEtzcmm8gqIyQJtYXLSGSo0UnuOF3kHdRabUL8g7qbEuHIU2zHKcZpwQisad00WWgIdsUIxaXbclCN6ZDx1TU7qwN4kBSlYHRStp5IRa67tWVyTG55qVBLkkKNnqVVkoaKJF61XO/qKlG8tcDZUUiNF8TyWw8e4S7ZGlo3Ci0gu5pqYrfce6LYQmHoUQIrBNtNFV/EJCx7CnrVVxF7dcTT1KTna6GPwbTTI8Int8sTz5X3v9V0WLkiMmB40kG2OXKMaYJC9ru3dXUPh58rZGPLSD52VvfuPdcbLTTOj1XFl/B4b3TxPj8km4cOQK6XAxX/s+prtWkHkuBe18OYx49wO67qPNOPhueAdxyCRaqrDg9ildkyTcRLmMedGxHLbqrmWKUu1Q45kYRYOoNr6UVQR57nySyFrm2dzSdx5g+Ow9x390fbmgFVuzzZkby+zVK38ciAs1LQZCRfgmvcLV4/RtFa1YVxICR0kPhvAKWjw7a4nbuaViJXDYMatB+onyot/Qrwm8N80Y8JtEHl7p90j42u8Q6j7FwBVeKvkpkRHfa/e1NwaVciUs7nk6gfpa47L3md3XW5JBJAN7Lkcjec906AmRY420Sx6JCKjChImAJUxdlaiU1baQmsDWrCpRUgrRV2hP5ogukJ5UfBUeUMfgU4thyQAfKEdhQRVMKRIuCFe6I5u1odAnmEYAyyjzKNQHIlKNNFNMcOqtFMKL6Ldv6BEbVKLiPdGDZHxOjmqBdRsNtaKwKEN6oqujaC73CIQEK9zsqLG4zsiai08kCB7a9kZ5bYohEgWuR+N+ptnmmG7qvicPdOsPJMTFOJNwAXOZz7zogeQKv5iTyXPzsuUvcQK52s+oew/TonmuJPLSrzgTSA4gbn35EKl8V2lrXHW08muGofkuv4VFHjwOeWtjsdTYF91ycsq2NTbuiGZiZUD4p5IiInjZ4otB9jXI/Qq4dLrxdLneXqFDIlyJHNEExaK87aDmPb7EFaysTVAx8ZI9wNwEtJbDvLt+ikmyY2ubEQSw+3MLqcXh4EDKlHLely8zW4ZaWjU87mxaah4iJIw58DXH3a8sH6BSUWLumDmw8aY3GHMWmYMVaXOTscTWjz67+t0iCNnsGD3C6QNgoMDFa9rXNc+zW3NPS4OJjkiTFka08rYDR7iylAGE02V5re9wihjpOb3Or3cVZQP9hwpTRIA/ia7Sf7hS/4rh8ZGnKeT/C4A2sqjRZRKi9poAg81Ct/U5nibWRzkBmn6UuHyDc5ofiXY8TbpyOvdcfL80UaKLJvoCiXAHcWpcmhAdzRAmE2sbuVpxoKMZVgtB7PJAeUcIDuakuGWgtgtGyYjSw5BMNQIkgtWlnAtNpsIb2gowQIJTkbh1SgO9IoOmirT3KofDXVst+EeZW4ZWkVYTYqt0xJMB7CehBdqbvRVgR7BBLSTRaVbiRSExblstoIz4nM5ckAte7kChSZbaMaDXJboqTIpb3tF0Ec1ZEyLLB3tPxOH1SgCYi5q0Axg3Tuy5ydkz5w0hwaTzXQyPaGGyq/HDv2kb2DzBWXUto06dLex1mLiB0LP2SS+etspv9HWCurzGD9lYGEE7CnbEj2XOvgjblxSXIAel+VW3FHs1wixYILVx8rfzoofkV5IpDHC2CeZ7XigBVAp6TLGPjO0sErCfM0962KqODzuOT4m3sSEzxDIiGHLjMA1GgP1BNKcZGmFKVTafocxk7ZbgXk2/p1B/wBqziZEWXUiBHhue8vyCLu2+4TQysmO2xyuDQdhae5qkZpvctzC1rWk/pajq9hX1RTLjkkOZCSPxNmF9iComZjgS1hcfpVrWpphWbADap12pxks1XqG/wBQgzZjWMbQIr+OlkOZhZFanua8ewBv9UXUXYw4sb6yXE8tS2Iw8AEH3Bu1uebBGnw3yu9yQBSIBj+Hqe4tB6kXf6KuuLCStWcLxlgblGrXHTfMrueLRxeNbRsuMyGVlX9EcQGHPTshFFtCcU0HuCcVKPc7brGsLnUmfIwU3miSBkQ3OyC5uk80ekF4KqT2ZcUTHIIw5BBHII7eSCJcgzCOpUtNpXmVgle1GAELQCo6lDxLKIHt6hQgZjx0TseTWzhsq3U3ojXsiTopqy4aQ4WCt7KnEskXI2EwzOJ2LE2Mxbgyw23QwBXJabkRvHMArNYBRKtwOmROtkBwJKMJA5BcaKrai9zAxwU2HdQbLvSKG7ikISNnd49uqm7FbEBKwncWL3BH0pHbFHM4NLizrqVqMdhifFJUjRuC1xaQsGqtUx+JpxK/hsxn1wveS4XoJHIpribLcCG+ZpK1HjxwSh0ZFE/mtzu1TAuoj2O4K5st8ikMnLezfDm6GmQghZkSMeRIR5gmGFj3DSQGnavZJSxiLWJD6VShKc2xLm3K+7B+KXC3E7nb6K4gl4E2IDIjldJ1Iuv7ELkYZzNmxsjO12F1GVHj+KNTHA6Re3/8WjopIucaSbYnMyIlzhMXauWkV/m0BjpYozbifzTj3wsJbO54v23P6J3Hw+Gvx3aZ3SE8tTS0hM4JbRQNkkkBLdyDvydXcJ7HdGGnXExp9wKv8lZY2NHGJbFO/DSrJoNOtwjcT1LXB36gclTnaCe6GmZr7OqOGqoERtB/VCExbqa5kbg4HctSEc8mk0W6Qd7R4DAX+eU79BIf9tKKGw1TXSkIcQ8PU2qG65fJB8fl0XTcVhYyQOBFdwqCVjnG6WiDsGQH8KEUcROK14JJ3TgAOrlRTDIjzK0Iw3ekWOUOdR2KJASM0Eb0l5eSsyPKq+Ru6GfBcQTPSiBa07LYQxCaNWo2pqBTAAZNFGY5vVBK3yUIwxHUIzHEi0IHZGY4AqFEwT7LV30RdTa5LTqI2VpbEtgqR2Ha73UTQCwBXexQZslG1t89uFUly5DO6iZFFMtANTBsAVNlgpKJ7gKJtMxv1PARFVyPYbi5xQppZ4pi0EltpvGj0OJAWZUTQfE6nZL1WO8Tf6AwzrI16hWuedJcaBHJba7VJZPIAKIDJomg2COVLf7LK2MgGne52XC36jW4MgxrD4zQ7c3YO4W2yYwhdi5jnAVUcumzH3A5tUjj65GvEkbSR1NbhNOxJGMJdET2IcO4IJtW5NcMCWOt0JYHCjhznxtwKLSOTvZwPUI2XxOETuGuqVpiSDJxXwuouZuwjpfRUE2G0yF1Ag7tP0TOu3VlPdJNlhPgMyWOkbMA5vS90DEikgBcXmqPNDllfFN4gILRzFpjxHeE6RjgWO3orRsM6FQ1jyPndraTQFGknPFK2Vz4NTupOoWmIH6YQYzRJ6JGeOZnnAP1IQtU0RrYMZnOZT8WOVx/jBDv1CJBDjCJxD3xnq1zA4DsRRS4mgnYGzPLemsCyD22RGYWTYEWfjyN6W50Z/MOFf3RJxWxcU64Ec7Ge6MyNlgfQ5NkAd+j6cqCQkX9V0udg5cO8sdfVrg5v6tJXNzMIcn42r2ZJIC15AUrHNDJWBwvdOsCgnNKSWyTUE5qZXMJaUWEfCKSp2WMTg+O73Ss4paxX9ETKBQy4KjtIXabYtLI+SzqqiFIgQVpGCgQjABFYscFGlTLoMFMKDVsqFBxJ0Rw8EJEOA6o7XIktirDbFa8Zo2Q7PRTDWnuqI2TFOUXMao73QWUepVlo23Q3kURkwY8G0uasbrHc+al0V3OrgmEoBb7ckaZ4bE4uF0FyUUkkbgQ6l0GNO2YAP8AV9eSZPJ1YmmuwhQ6cilfcZjboxBO2Qc1MTT5LmRuI01fsoTtMeLM6KLybWiYkzYog90YcCCQDYJvsQuFk5s7EI3BM0PBkErdvLv7o2NO5uO8NkH0s0loY8OGYvhZovmNWo/qpumjMbwLa7mWvbqYUh7icku1D+LNDrOU1jo5GkB4FEEE+rZFymFszvC9B8zexNqhx85kWSDLjuaHfiY4hpH1BsFdU2ODQzYkadumyGdp2IdLsc/mPdqdHNqcx24cCRX6KULGCA6KcwD+LdYsW+hnYVjJ3NAAnbkjMLmsdqNC+QNrFiZzRHwD+zcCWyF3dtEI2PiPeC5riAOZLNv8hYsQTSphQ3DhrWgtYQCf4LN/la5fMY6Odwc0jrypYsTsCVlT4FvDa4IZx1ixbKQlswQUoubYIWLFJIiYsxxY5OSuD4wbWLEt8BegvHyK0eaxYpEGRJq05YsRggjagVixQJcEm2pgO6rFiso1W6YaW0sWKA9yQpSKxYoQwfVDc4nZYsUIiPUKbtysWKFdyQCfxJakAWLEDZbRYZcuWHtbGCY5BR22SQyTj/Yvtp2IDtlixcrI/FX7Nqk1GKLLCyYmkl/1No888UrQQb0kk/VYsWdeZiZ+YCyKMxl+MDJFf2kD7AP1YehVrHM8xs8KR5YBXro/n9VixVkYEj//2Q==\')','data:image/jpeg;base64,/9j/4AAQSkZJRgABAQAAAQABAAD/2wCEAAYGBgYHBgcICAcKCwoLCg8ODAwODxYQERAREBYiFRkVFRkVIh4kHhweJB42KiYmKjY+NDI0PkxERExfWl98fKcBBgYGBgcGBwgIBwoLCgsKDw4MDA4PFhAREBEQFiIVGRUVGRUiHiQeHB4kHjYqJiYqNj40MjQ+TERETF9aX3x8p//AABEIAlgBLAMBIgACEQEDEQH/xACbAAACAgMBAQAAAAAAAAAAAAADBAIFAAEGBwgQAAEEAQIEBAMFCAECBgMBAAEAAgMRBBIhBTFBcRMiMlEGNGEjM0KBkRQkUmJyobHBFUOCBxYlg6KyNZLR8AEAAgMBAQEAAAAAAAAAAAAAAgMAAQQFBgcRAAICAQMCBAcBAQAAAAAAAAABAhEDBCExEkEiMlFxBRMjM0NhgRRS/9oADAMBAAIRAxEAPwD1rgArBarQj92m7FV/AgP2EdlZu+Wl7FU/uP3IvKeQSj7ST+opYhOSi5ZP6il3Bejxrwx9jlz3k/cW6hPYQuVKkJ7BH2jkwU9iunAErr90NrNRADSjZI+2f3RsVv2rURViczCByU4huxHzRVocP4FC3wO57GaI9t1WBoVtxD7tiq4m2FaYt36mg1EDVMMCax42ukAKJhREntoBMRC6Rs5rW+UIcLSQwUqogfNhazQWirCSAceqteJemPsqyNhcKCvat2RGqd3W2myrExNZFdUVXsqybSrVhtVRJaKmolDIKLEpborv/g9u8ZXAyml6N8IM8rT9FzdX5F7mzAd8PWq2f7xyswAXKnmjd4jiHnmkaZclap8GBECCGSfxqYbIPxWtRkCqYQql+ikPF9gqKsYCFkbQv7LAZBzYEDKe8QPttBUHHzIf4W391aVaJDhorFYn1zu7Z015UYlpfWmUnM7zp2nW7E6jymlihrHus1j3C1mE5rgQ/cB2Cs3fLS9lXcDH7gOwVk8fus39JXM/I/c6qfhPI5R9pJ/W5LEbpqX7x/cpchekgqhH2OVLv7geqdwPU5K1unsEeYoxVMq8r7890zjD7UdkDJ3m/NOYo+1HZWSlQtncz3UYRuxEzh5j3UYR5o1CN7DnEdo41WxclZ8T5MVdCNkVAhAm8UfahLUnMX7z8kRfCBcR9Z7oUbg3Q5xoDqiZ/qVBxDLLGaAUM2ooKCcmhri/F2PLWwnkN1zRzJz+NwKV1ONk+60Oa508spNqzbHHFLg6nFz8M4bmTCTxujg41/YquiycgOP2lhVzUzHzCCLku4culpLpWx0EGY/k8J4PDhzVG29qTkbiK3TVkYlwQaZemfCQ8v8A2heaSb0V6n8Jt+y/7QsereyQ7AjsW+oqsl9bu6tB6nKsf63INMtmL1TtogESlGlNaTKSCkAohSULpE6SmdtjvCbHRKZ/3RQy2iw4bziWuENONGPoE4lsYVBH/SE0FzXyzpcRRiSkA1FPJF3qd3WjT9zPqXsiGlvss0N9ltSWkxnNcD+RB+isH/Kzf0lI8DFcPCfk+Vm/pK59fU/p015DyWUfaP7lAcE1J63dyl3L0ePyw9jkSe79wNbhPYI3ckxzT+EN3prB3KicfanunMMfaNS0/wB87unMMfaNVJEukK5vqWQ+qNSzfUtwC3Rq6Kb2GeKcmdlXRDyqx4r6mdkjF6VaIECcxB9qOyUpPYf3n5KyCPE3aST9VxGVKZJSV1vHH6I1xLjax55djVp47MitgLAthYqpmkI0JhqA3r2Rmnl2RFtFpEQQN001V0ZpWERtWANAWAF638LMqD8l5PEPM1evfDX3BKzanhB4d2zpWj1qtcNyrHUGh5KqjLGXEByvT+ViNS90EpSpDEjP4giB7f4gnmYmApALQcPcKQUIZSTzvQ0J6wks3nF/UEM/KxuNeOJdwD7FnYIyjEPIOwU6XO7s6fZGgk3C3OTtbFKFPwGXUPghS3S2FtaDKc1wX5Edk/J8rL2KS4KP3Idk9L8pL2Kw/l/p015DyiT1O/qKWcE0+9bu5QCvRY/LH2OPPl+4Kk9g83JOt09hj19k7sBZTy/fHun8MfaNSUo+2P8AUrDF2kPZRPYnKE80ecd1LHHmatZd6gi4487O6hGvCS4n6m9klF6U/wATrxB2ScY8ispPYmE9hDzFJBN4xoSH6KNMl3scvx+YmUM9iuY5lWHEZzNlyE9Cq+iublb6mdLGlGCNKYWtJ9ipBp6JLGXYRqMwbqDA/wCiMGu/hVEdDLQnWDYJFjSPwp5hoKbgj8PNeu/CbtWDa8fiskUvUvgzJaceaEkAg7BBqE3DYmNqLO1Fhj1WFgLjyVp/0yVW9SqwKomfUu5Ij4bfYKQjapLKThBHwmnmpCJnspgKQCshDwmn3CSyG/bwiyd1ZAJKUfvUAS8nkkOxeeJ0DfS3siKIFBTXPOiQdekqvOveirF48pSK1YtkZNQDuT6LdyfRToLdBNv9GU5/gtfsQ7J2X5WXskeCD9xHZPyisWXsVha+r/TqLyHlb/U7uUsRum3jzO7lLkbr0mNeGPsceXL9wNbhP4ewf2Sdbp3E2D0zsC+Cok+9f3T2J6wk5PvT/Un8XYlRLYq9hPM+9PdTxvWxQywdbe6LB94xWXLgziPrCRMjYoS88gnuI/eBIviMsBYKsqndOiRSOdyOOy6j4QACUdxzPIIEoAPPYFKZeJNjyOY8ddkoGWVz8mTIm0dDHjg0nSHGmaUl+j+yII5nbCO11XBsSOWCtI5K+h4KGSB2kELmz1EoydnRx4E4nnBhyGf9IqOqRp3YvWDwWOQEloSkvwzE7kKQrVeob0m2x5u18jthGjhk5oeFS75nwpLdgtpXeP8ADcfhVKBaj1Mexa0jS3o8t8HJbzZSYbFlab0Guy9V/wDLkT4yC3etk1B8PRRw6XAGwqepK/zwXc8fbPKw2RsrvhfG34cocBYPMKw4xwpuO9zaAC5EsLH1RWrFNTjuYssFBuj3zhfxBwrOgjjiyQJaoxv8p/JPL5/iLti3n0XqfwvxaXKgME7iXxjZxPMJqjSMWVPY69SUAVJQSTUgFAKQVssmkni8+PsnBzSjATnjsk5fIx+HeaOhpYtgLdLCzeQk9CRCdlrQkxyWrH5THn3ZqllLdrLRiCg4MP3Jqen+Wl/pKV4P8k1OZHysvYrI/u/06X417Hljxu7+opchNEeZ3coDhuvSY/LH2OLLl+4DqncYeSTslSESOUxtIHsmAFfKPOUfHm0O3C0S8k+VR83srovsZlnVICj4o87Uq4F1GuqbgLWyNJVBWuk1xEVLy6JVjmhm4TeS9j5C7ekGh7KU6KTVAJGQTRlkjQ4fVu6oZeBRN1PjmtvPSRRC6YAeyI2Jr/LSzamH05P9GrSTbyxi3s2IcAaWsc0ruYBbQucxIG4+ojla6LFlY8bELzWTe2ejhUdixYxMtjCFGmWkJWw2zbQOQCO1toQKMxw91aSBY5GwUmAwUhMe0AWQjCRhGxCJRb7GbJd8nB/E+FI52trXEe4C8/8A+Pnnma2NhcV73JjslY4PAIIXOjhGI2V7oyA+jQWrHl6FwB8tZHGzzvH+GOKOlDXQOYOjyCQvQeFcDjwIwGv8x3cVdYbJG4cYk9QJRVuhLqicnVbZKQIMko+fqpaJP4we6KtojMDAlH8KkPF+imtqmWR8/VBxrdnOJHQJpBwt8yUpOZ+E0YF4i96ra37rFjNwtkGmjbqktf8AKU9kdEnS1Y/KYcz3I6/os1KYAW/L7JliCm4QKwmpvJ+Vl/pKV4T8o1NZHysvZYn93+nTv6a9jzBw3PcoLgmHFoFkgBCBa8W1wI9wbXoYTVRV9jkOMt3W1gCFAhGIRo42uY4OB5JzYHKsQNKKG+INcfMUpLNBELfL+ijdK3InS3skWFLaphxHGB9bj3Cs8XLwpXtZ4rQT77Kvmw/6Qx4ZpcMK4A0C54vqytX5aqCI3DZiyMbPxJskTx5XaPOD7EDkgZMJa4tLtr6JeKEPNtN6fcFZMsp/PilLYfiUflTuO9Fm9jQ86TbehU427pP94vmKU2+N7haZxcsbV8oTimo5E/RjrsZ8kTm6iN1ShmdivIie8/RdPhO1NpyZkxwHa2jdeZmuiTT5s9LFrJBSi+xzuNx/LDqkjJI2NLrMPiInaq0RN1O/dowTzICbx4GsIoUlySGY/wBlm+d4bYBVZNxiWPZsbiey6rHxmOi5A2FU5+KIntLW/ohjyg2000nucwzinEsubwmauw5q/wCFxyCU+IZQ8c7FJjCiYZQ8QMa/+ILp4447BLBfUpjZmdq00MRjyBUDY3niBN7Lo3bA1ypAZC29Wne+aiQMZdKkEkAEbAAlCm59mgJRdLF5EcXUO8jZtbUVIJhnNrYWlvZUEbUMAfvMpU1vhe5lP1SM3lNOn3Zc+6xbpYRsshtFcn8KVTORzCWWrH5Tn5X4jFixYjFFVwofubUzk7YsvZB4X8m1HyReLL2WP8v9Omvtr2OL+HG4kuQ/9ojY5/NjXC1ZcYg4OLcIWQzVyY0NvuFyMmMx/q9yhMgazbU879Ta6i0ubrjNT2rgxPNDocaXISLEOY1zYy8Ud9qQ8nhuRw4tf+0ufERuH8wV0vAZ9JdCAHu51W6j8SZmNHivZKynFpGnqFzs2o1EdUo70jfi0+J4DzLiXEPtKY79Fz8j3vN6iVKYtc8kEoS0yyzkt2XDFCPY1qcFhlcORI7KJKGhsNq0XGHmyx83kj2K7DDljmwxWm15401XNdFwvOdCCHQ6we999k/HkfzItszZ4LoaSOm8Nw1bpuDHttkpCPNx3jZ3cEEf5VzC0eDYIIXUWWLSpqzlvFNPdbAsd+mctXQMaHDdc3H8wCuihOy4Ovj9bqPQfD34KJGJqDYDgLR3upIg6paWE6EUrOwwN4gjZAidsWpPCd5AL6KE8rmyblWJ6H1sLFC0G2hWkYoKvgdasWHYKIDIyOQ/TESmWfcsPuFX5h8isWfdN7BMSMcm0xfJJGnykpHW6/u3KyyfwpOl0cXkRys3nYLxD/C5SD/dpRKWAIxREPHsVsSD2U6CwBt8lRZovBBReFemTuhPA0O7JjhYqBZs7pI16ZclssUVILMaxHII180vqHuizgF6BoC2QS6Uc7K/EyVhbUNA91rwx/EUVIWJ8MFYoR8n5WX+koHC6/ZGlGyzWHMfYLH+X+nTW+NHmx/2UElP4eFLmwGSOyPpunz8NZ7IfE1AirpdmGqxJxjdOjmz08+lyXqcrPA2UCyRRuwaKVPCjO4ulnkkAG2pxNfqrJ4Nm0zFtE7snvDik+vptilnyx8PUcHncOEBJBsWqU1ZFhdbxh1MK5DSufqMcYzaTOrpskp47aBnmhEorwAEs4rOjSxqFw1ttdEXscByb2XKsDnkALocXEnyGDSCNPUoo45SewjJOK5OlxM2INayXAjLwNnXpLh2IVq3iuKCGvxZIvrsW/2VVFNnwsZDkxxTw+zgP7EBOnheM9uuLxGA/gLgWj+1qlhzqT2YCyYWuS4MMbw2WNo35EJqGXZKYk0TGBgPIVusa8BzhR3WfNHK7tM2aacE0k0Fys6GOyXC/a1Rf8u8zbBM5HD2zP1a0BuDpcPLdLOjoKN8Mu4eNsawazStIeJ4k4G+/wBSuYOCZSLiopocHla3y/5UdEcZLk7WF4oEK0Y/yrlOFiWNmh6vTOyKMue4Cgqg7M+akb4hOIvC1dXtb+pV4B5GLzLifGY554xG46WvDufOlbx/G/C26GZEU8bh1AD2rV8qVJo58skeqmdfk+sdkqql3xPwKdwLOIMA/nDmf5TcWdhzV4eTE/s8FbMa8KOZlknNja2oWFu0YC9mEWKIK3apos1L90/sneGj7EKuyHVE76q2wWgY7Oyy6jsbdMthygsIW1s8lmRpZWzbvQqRJPUUNbY+VHMnvNmLFixWAV/CxWG1GzBeHMP5UPhg/dGdkbK+Vk7LL+b+nTX2jzDCny8THDIydxaM3ivE+ReQFgGyERuu3DS4+qMu9HMlqJ9Lj+wJBuyUZp0wvPsN0JypeMZr4IdDHUXUFplUYt+hninKaXqyjzuIDIc9jWnS081RuPO0w7Zv5lKvNrj5Z9eSTPQYcfRhSBuPNLjfZbe4oGvzDuqhHdEnJ0XOPCzmT0XX8IEZhNOs3yVDHJ4eKC5rRq2BI5pJmS6CS2213MdFq00lGZg1Kc4noga0jcWFYRioTS5bhnEnTDw5CNXQrpjI1sdFwAXQdPdHPVrZiId9oiSTAOADwHe1qnz+INxboC+i5RmfLNmRvkfvr/JZtVKKxtUraNmlhN5IPdJM9LMpY2nbUq6TOcxxLSEzleEcMPBF6VxxzDrK87022z0qbVI7bBz5pCLauqje54F0vNMPiIZRsK8x+O7OJPJC4SLc33Z10uTFAC40CFwvFuPy5EjmRupv0VLxbjs2VKWtJDVTeKxooGyVu0+nqpNHM1OdN0i98cAACyaVZmTnxAelIfj7Dsj4zmBzfEY14vkdwVvil6HNb3ti7ch4+iaiyntOqz3C9GweA/DHE8dksWI6B4FObFK4brcvwHw8kmPMyGd9L0N1doW5Q6kcrjcdzIwPM78nEFXsHxPOKDpZB3pyx/wLkN3i4hE/6PYWf4tKP+E+OR+iKCQfyyAf/akLSfcYpxOtxONyTAU5jlcszJiBcIP0BXmYwONYrjqwZqA5tGof/G1I8SyoxUniRm63sKOD9UW3japRPSZsoFha5r2n2KusLNxTCxnjN1VyJAXlePxnKbscl7hXXdW0XFmyeV8cTvqRp/wkZcbkg8U+jY9QZIx3JwKm4jSd1wUT8Ui2sez6xv8A/wC2rCLLFU3KkH9QtZ/kyvhj/mpouHHcqFhV/izP9E0bj3r/AO1LPEzAfNFf9O/+FojwkYZJ9TaLFYq79rcz1sc0fUFEGbB1eP0V1+0Bv6Mnw0fujOyJl/KS9lHh4/dW9lLL+Ul7LL+b+nS/EvY836fmUJyL0/MoZXpILaPscGT3fuBKoePYUkuL4kbC5zSDQXQEIrQPCOyuUbi0FCfTJM8qMrXCrojmEi9zbO4XU8Z4RqL5scU7m5o6riZWm63vqubkwdD2Ozj1PVBE3v8AqljI4GwsDCeq0W6eqBRojm2XmBx6TFiMRhY6M+pvul8jiUcz7EIYOm9qlJWt1I+FgS8RfwcR8NzSOhXUcQ4vjZfCBT2iTkWk7rz9lhELqCcsskmhbwxbTGRIapQEvmCV1k8lZYuIXuDis2WfNnS0mB5JwUV3LyPJlbC0B7qr03sk3yEJkx00BKPasMKs7+qwNQhtTo2yZ4PNGlyZGR01yRJo7oMktilohBNpnGzScE0E8c8yd1DxXEhLCyVOiFqOZLlsfbJ5uas4JPM21QA1XdWLHnakyLEz3TPQOA8WODOA4gxu9S9WhmZKxr2EFrhYcF8+YziXNBcvTPhjiPhv/ZXu1NPotXOPUrMklR3ikAtVse6kFnIiVkLWzg4EXtyO4WLYVUMKnM4bw+Uxa8OE24X5AD/ZNO+E+ByNBGLo+rHOCLNvJF3XQsHkasmWU09pG/TqLhbRxr/gvHu4M/IjPsacEtJ8NcYh3iz4pB/O0grvkOX0FDHNktJsOcYpN0ebvg+IIdjjNkHu1wWv+Qz4B9tgztHvpNLt1m/QrWpKt0jB1NNnGR/EUYNGWRp9k1/zkXWcfm1dFJjwyipImu7tBSTuD8LJs4EX5Cv8FT6foU8khzh4rFbupZXysnZR4f8ALN7KWX8pJ2WT839N/wCJex5xWyE4Io5ITl6SHEfY4U9m/cEUdn3RQUZv3RTAbKz8ZCo+KfD37SHzY1Ml/hPJyvh94m2DyuVSipKg4zlF2jxjIinieWSxOY4dCEg/mvSeOcPGS1z2DzgWvOpWFppwINrFmxuL2OhhyqSFwN0SqUSFjWutZ2PDhQcSaAUrpqZghsB1GygckkOxwc2klbJY+LqeG0eVro4YRGwAIWNBobfWk5yCw5J2z2Hw7RrFi6nyzRApV85DU69waCSufyMnW40qxwdlfEs0MWLd+J8EXyaiSgl1qN9UIknktsVR5LLNtttjIKkDaGG02yVMJhnJpqF9Oo+yUbzRqp1okBIsWudYLSr7h3EXRzRvunNNhc22yBSdibpo6wCmxYicUz37hXE4OIY4kjO49QVoF4TgZeRjPbJBM5jgdyxelcH+IYswCKeQRzdCaDXdrSpQ5aE7o65SQACeTifdSp1JQaZBwvIh7rpQBQXNMDjmRrplhzeY6WBVjRqkKf7ooyWySRGaS4eZBZtoMRsbLLChqfQ2CzU/2C2nMbJrFDU/2WW72UBYPA+Wat5nykvZZgCsVqzM+Ul7LP8Am/p0/wAS9jzjp+ZQnIvT8yhFekgto+xwZu2/cGUVv3RQkZv3RRglcPWU630nskh6ynG+k9kTRae5WPA8Xdch8QcG068qKtNfaBdkfvkcQslilY8W0jdDOPVFoLHNwl+jxXwgADuVNraV5xbhkWHNpZLr32BbRr8iVTOFBcvJBqR1sLtKjTGB76V7jQbcuSr8OHWRsuhYygFizyrY9R8K0d+OSJMFCls0Oa2qnOytNhrgssIuTO7qM8MGJydbLgFnZnNrVSl17rHPuySgB1lboRpHi9ZqpZ8zk+OyCl2y1EVqi4gI7maapNRie4dtdVM0AlzzCk526sBswk3sjND1kbG2CUYuGtoCsWwjGOdtaaZCbHmtbDNPJEiPnCNMWx6HU0taHJ6SbS2wOSppnuZICE+15pvIg80SYMo0j1v4V4mczh4bI+3x7b86XVheNfD2U7D4lAQ77N5pwXsjTdFJyKmLIwC8wLolz+J887sF0HUrm5XczrYlUEZ7JfJ5BHvklck8u6HHvJFZ34GKLVLdrFrOYzSxbWKEAcPv9lbuszPlJOxWYHyreyzN+Tl7JP5v6dG/o/w846IRRffuhlekhxH2PPydSfuCKM37ooJRR90UxollePWU430pQeoppvpVvsQRP3ybjIDXknokz96VScW4sIY3RMI1FC3SYyEXJpJHM8Yn8TNeb2CpSNT2t9yiyvLiS490fAi8R4cRyXKz5KTZ6H4fp3kywhRbYsIYwJ3kFpoAFKMjwxtlcmTcpHvIQjixqPCS5F8mcRsNncrmZnl177prLmdJIfZIOWvFBJJnk/ieslmyuEeIi4sXZRGR00lCPqTjR5U6kcZs1CNQJKmXb0psFNQX81ZVhOamGhAaUZtkq0Uxmg1tqMB1SgoEkm9J3BZqcCiFy4LQiq7IbdnhFnsVSA23FWBZPKJBBR4JAYue6XyGuLA4pWGQgqkHzE6WKQtMbgaor2nguZ+14MT+oFFeFwu1gBei/CGa8Pkh1bK57oTJU0eicON5Mp7K/wDdUHCrL5Xe5V8ea5M/Ozpw+2jaSyTum1X5JOpFi8wvUbRBLEO3ey3qI6FaaOcya2oa/wCUrNf8pVUyEcH5Zq1mfKS9lvB+WYszvlZf6Un839Ogvs/w836fmUIovv3QivSQW0fY4Et2/cEUUfdFDPVEH3RTGBYiPUU0PSlG+opq/Iia4CTKfKnEOt59l57mzOlmc8nsuz4s6oXrgJH2Vl1Mnsjfo0uQTtyB7ldFhQ6IwqGFuuVoXVMGloXF1MuEe2+AYG7yNbk1U52R0BCdyJfDYTa5qSQvcSUrDC3bNXxfWLFj+XF7sg51hAJUnFCcVsPIylbbAjeRM6twEq0+YorDblBbHmHZAkPNTGzUAu8yugTbHbJnVTUnDuXd04BsrLs0G6irnBbSq27clc4YpoKNITPcZm2AWRsrdSl3pSYrARudmrHeqMEhyvnEljh9FQ3Tj3VNDI7pltiyUQup4NlnFzo3Ari4XU4FX0MlGOT2KqiM9/4K7WySQcnHZXy5n4Xfr4bG5dMFyp+eRux+RGJGb1p6lXzHzosXInVOkiFLKWrWWtBz2zdLKWWstTcgHB+WaszvlJf6VvB+WaszPlJeySvv/wBOlX0q/R5qevdCKL0/MoRXpocR9jz0uZe4NE/6SEeaIfQUYAiPUU3+BIa2gm0yJYy2gd0dOkXdHOcYH7vKvPXne16PxQXBL2Xmch9QWLVbUzpaPdFlw1mp5cui6FVPC46gtM5U/hRn3XBy3KZ9I0ChpdD1t1tZWZ2QXO0jeiq4qbzZJ90FxoLVGNRR4/Wah58rm/8AogTul5XbqRf7IZFozKbYKbaLHzWj6R2RIeigIx0SbiLTr9lWg7u7qEDY4JLtk9yCWi2aiFysHkPGdleYp8gVA08leYx8qOIqSocfzWAauSiTssj7o6FjMbSGm1z8oqR/ddFGHWufywRO5Cw8b5JRuV7jOuOlzrLJVviPc12/sqCdntPwDnGTEkx3EW3cL0cFeCfBWecXizGE+WS2r3rY7hc7PGpmzC7iSPIqrkPnKsyaaeyqXuNnYqsIrVPZGLFDWf4St6/5StBgJrFHX/KVmv8AlKqmQ1gfLNWZnykizB+WaszflpOySvvf06bf0k/0eZ9EIlE6IRXpsatR9jz0+Ze4MndTLhoItQUE2hVi5jWgykYqCZZRT8TcG40hK8wmd9psOa7/AOIZw2PQHBcAy5JgFzdZPsdv4dDqlFerOoxRoxmH6Kqy5zI9PZEojhY0EXSonyHclcfFDxOX7PV/F9UoYsemi+IbmFyUll2IWPc48kHQbFrSecNx3VozNytvAZEoYx2VEZt9akeLmErNetGidyUYI1KaB7KsZbnqwmPkKr8c+YqELAmgogklRduVNuylk4JeIGb1avMJwcy1z/N1K8wqa2rRxYqZZ6bpCB8xH1RgdkuT5kdii2h5Kh4gKnKvIN2ql4rtKD9FGi4MUjO6toBqpUcTtgr7E3LUIbbRY8KmMPEYHjm2Rq+l8Z2uCJ3u1fLUMujMv2cvprhUgkwIHXzYFk1S4NGme8kWLuRVYeZVi70lV3UpOLuDq3wjSyltbpOMRGllKQW6VWyAcD5VqzM+Uk7KOB8s3spZnykvYpX5v6dJ/aS/R5ghORnf7KA5enxLaPsedyPeXuQtRW1FPFEUNxoWplLzvDYnm+QVlnAccyNeS5nQKhxdp79kznS68l5v8SRYSHOXG1D6mz0OjlHH0S9Nx3KlL3mikSHHmiV1JUlmjFRjQzLleWcpN2/UCWUFprd0UrBso+BaFcp21LWMoT7uKJjIUtyyT/WeyyLZbf6z2UWepWyhiY/ZJaBtNtHl+7UGEaRRUIEpS6KNrHOrmoQlELerWE0q6CudpwOqkaFtWXMbrahONFDhfY/JSJ3RoVVMt8Q2xVXFttCfxXeWknxgfZhyJ8FRb6ijiPJdDimm39FzcRALVeiYNgVIYyTDqmLh7r6V+GZPE4Nhu94mr5nwzb19F/Bj74Hjt/hFfpss2q8iY7A/qS9jqZDTSq20/P8AdlVu+2yz4lsBq/OkTDlK0Lf2UrKbRk3J2t6kOyssqqJuQwPlmKWb8rL/AElR4f8ALN7KWX8pKPok8Zv6dPnEvY8wd/soJRCf8lBcV6nHXTCn2POZE05Wu5EqC2SokpqFESqricmjFefdWl7rlviOfRAGgqsm0JMZiSlNL9nCSuuQ2sa1Cf5rNo4a4Nba4cpW2jvRhs36bE9Apac2gpA7LRKAnANQcaCkeaHK6mKmy0IPNuKYxuqTBNpvG690KYRM+oqDfWpP9ageY7qNgjE/3aSgk5glNzbxqqBoqFlk+UBt2k9ckjrtQLjSYgYCLVkrYsYXeUbJ1jrVcC8DyhFjkkDt0SYtouYyiatx3S8bvKp2bRoEtMR3nKFxT5YqWF1UuKD91eibtC1yc1FzKcLyW6SlYWmgaNIp3eFSe4wt8AecL6B+B3f+kgfzuXgGHs4dl758Dn/0z/vKRqftIZh+6djOajKRvYJzJ5DuklnxLwi9XL6n8N2tqK2mmS2bWLSxQlsBw43isKziMoZiSkkDZVXD8wtxw0ttV/GuHM4sGtORLDpP4N7VPA3ltmyOqx/KSvc8hk4jnMc4CZ3M9UueLcQafv3/AJld4/4GhOw4jIP/AGx/opc/ATOnEXDvHf8Atb1OSqpGZzxPlI4c8ZzxzlP6BaPHM4f9T9Whdg74Am/DxNv5xkJc/wDh9l9OJRf/AKuRfMn/ANMq8H/KOWPHs0fiae7AqLiefNkuBkAv6Cl3snwDxNoJbmYxr3v/AG1ec8QgfjzzQvHnY6j1VSyZGmuphwWK1USs1f5VlJ6GKqfzaraT0MWOT8SOrFJYcpC9lErYWFEZAJ5oGQUcmilJjbkLYURQ801jdUu/kj4xVBBJfWFFx3C3IfOo9VYIWQ/ZKr/ErKT7tVlqu5YR3NNxODWJRqbY2wrINsmHsmBpcEkAApB7rqirsCizjfW1pkP2VMHuHQppkxRJgNHQYcmkpzO0vxn9lS4svn/JWkrtUDgmXsLezKJjqiAQ47JQ5H0dIRI3CwqXIbWxe4fqavefgX/8a7+srwXE9bF7x8Bn/wBOd/WUjUfaQzF907HJ6JSwmMom9kpqf7BKxrwoRqXeRsmthD1P9gt6n+yYZgixC1O9lmp3sqIczhn7IJ0FV+FfgBOhw91vlyZVXqEWlHUtByEMmsUdSy1VE2TFcx+jGldfRfNvFJhNlzyWPM8le/8AH5/B4bO699JXzhku3VulE06WLbYm71fmFcO+6YqS/OO6u37MZ2WSTXWjsRTeDK/2iCgSpEodojNRE9Ug4+Ypx5oFV12Sgb3CSMedkbHS7+SNjKFhpPWoO9SnJeoITj5kRQV5+zVaDuU/Ifs1WoXySmMx1fNPtFBVrRqFBOxOezbmrIG7ojS0IYlN+ZuymJIyiBClwrZRs2th8fuFPXGrKDQzaHC1eOeTCT9FzvkPIG1bwCQQODvZEhcqKh3M90RnNDHrcmGC0SLflLjDdqI3XvPwFYwJP6yvBcMaaK91+AH3h5H9aTnX06Lw/cs7fIPmS6nkHzoVpcF4UZs78bJrFC1sFEJJLaha3ahDyfH+JYoItMsF11DwP9KZ+NMNu5w5iPcOaQuJzgGRk/VVk2Q0Njp7mN/iF/6TVkZr/wAuL/k9JPxtw+6ONljs1qkPjbg3JwyAfbwxf+V5gZCKLJXP39VG0KWVz9nO1D2o3/dX1sn+bH6Hqv8A524GOZyR/wC0pD434BsTPMB7mJy8mLxqbXOtv/8AUtHLLdnuror+YV/mid18S/E3DczAdHiz63EbjQWrx7JfZtXGUT6vEDweurUqDIJ3QSyOQ7DhUOGDj80je66LIFMjXN4huQLpsv7qNZXL6iO3hwdXw/PP9oTtQK2CtWtFnHqmBl2aUgE1kO8hSQOwQN7hpbGO5I+OlXnZM452VlDUiVeUw8+VJu5qygrt4yq921Kwcfsyq152Q3uWkHY49E4yQEUUpjtsJsRs6lEQMCPcIzIQ5LAxDYJiOdoNWAiQLCmAe6k2AXzRW04XYRGt3RqmLbYaGAWrF1Nhd2S8VAc0SY/Yv7K2BVlFfmKaiO4SbCnoWG1YXYt4XBumivZf/DmfVj5Tb/GvHIGDawva/gHGZFgSygep7qSdQ6iFhXjO2mNvQrXOZ/Ec5mbM1srdIdt5Qk5+N5MADnzRtHuW7JMMsKSsXkwZJSk6OwWwuPbx7NewOYIXt96RGcczy4DwoSjc4iv8+T0OrtbtVP8AyIDQ5z2AlMNyHOAIeylOuPqV/nyeh4nPA2Rjgeq5fJ4dlQG4/Oz25rrTSgaQdVHR6TgxM8Et8R39Lv8AXUIxkJbReLrkQf8AK6ifAx5h5o2n+xVVLwKPnFM5ncalayE6Sna1zgRyHteoH8qWCJ7SDRFexsJt/DOJN9MjHt9g4g//ACCVdHnR7Ox5a7B3922i6kTpEcp9m9IHY3f9gqed1tKssp5cfSR9CFTZLvIVbZcUT4fvKuoyPuQua4aPOSukm+5WOT+rH3PS6bFfwnM/UrhyWFZ0Cy1tW6R5mS5Ecs7FKNOwRst26Xagvci4McdkzAbalHnZMY52CtMr1Gncks8o0pSt2UQIVxAZzSHO06RbSk/p9ULCQ5jkNajF7DzSwEgaK2RWufyNFROyBB4R5Eoga3pYUQdH4dkQTs9kQDMaXxuvorKKS+qR8aIiiFKKvEBbatNoFlwxwvmp5L6gKE2MkGklnSubTLVtgppsFC3U4C6KvYIdPq9lzzH05rlfRT628xyVxdkki3homgF7h8FCuCxrwvDfTmr2b4L4hhuwjiDJj8doLjDfmI9wDzCVqHcA8KrJQPLdqzcm+YeqbLi/aNEXL+bTdEdkfLyrkyHgjVrd+gXm+T8TcSx8l7YZIqDvxsBWWELNUnR6g3HkoB0jeQ/CtGFzd9bV5sPjnjQ6Yx/9tQf8ccXdQdHj1fRhTHjkB1o9Dypi0Ahza6hWWNDOYWFkzaIteWYvxFk5U2iRsbb5adgrL/zXmY5MLWR+U1yKW00A8hDX9VHWomvZR2TWMC6rWrUFAlUXRIqNrLtDdYBUIcXxh1ZBFD8ly05sroOLv/eHLm5Xbom+C4dyy4V6iugm+7K53hJ866SQfZuWOcvqL3PXaHH1/CMvsys9lolA1ubex5ohPlJW6L8KZ41vn3ZVZJuRYzkgzO86m07Ki6qiL03j+kJFxTkHpCJAPaw0p3S97qcp3Qgd0QIa9kBjbkRkLVpchsNIMdTT6tllvPIk/kixC96TbQPYK0gWxRrZDtunGQsPMKe3QKbSiFtmeBGnIYWXshBHjdRRoB2N6tDSuay5dcxKucmUiIrmi63koZhY41bHI3K0hdSpozurGFyCLDcS/wAeTcWu2wOLNw2xR5OJFLC/dhc2niurHCqIXB4zjYpepw42RN8KeLBDDIYnBwL+Y02SQqy/aXuFi89lbmZ8Yx5TG/WCCQ5eVzvuVxuyTdrrJZ5vBkL2DQ8/h9iuVzMdsPmYSWuSoOh8xfXtawP3U8GXTOwEA2aILdVhGz2RRZWlsYo7gAUmdYiWyGsNh8RrgVcvlge8uLN+qFhX+z9C2txe4T4Y1wBGlwpZpytgqDkOa29SFuweSXDD7I4LWhGmaKNhboe6GXgIfi1vzV2WELd9ihua4A2t675KD3O0lVe5DgOL/MuIXNSnddDxR32sndc0Tv8Amj5JDuXPCd5yunm9JXJ8KJE3Jdc9uqM7rFkdZEe2+Exc/hmSKXZlGeZ2Q37A7rUhLX0T1Q5tIaSCtsHcUeIyxrJJekminmP2hRGHZKuPmKOw7IiM07mn4j5VXOdunYjsFYtk5HUl9W6nMd0BhtyKwBxt0jNiHMhDjTTUPcK6RNoFUAjsCDRpapw6oweRk7KILr2BWmvB2KMGk8lYD5CROBNONbItBrhVpUmuQ3Q6mcQbI3U2LY1lG2UqB2xKu3AkUSqiZtPQtjI1RuM7qwiKrW7JuJ1FVdFF9jOAewkbWvZvh/KDPhjKDywt0He+RINLxSCQil6fwLivDGcGycWZrvGLDTdIOvshy/bSJBeNHNuY3SIHixy7pX9gjYHDW17DtpcmsgNjeXEO0WeTkgZGtlI1eQiw691nTNSa3KmbhwhlDm7b2AOiNOI5JYvI7VWnkrICOYWJDt+ZSL4ZHS+aQaVOoXKNDfpYWAg0OThVJqB7/DG4P/fSXjLg025rxWzqpTD3NFBiW+SPwpUPeIRsp1qSTZSTaZHLUGtv3sJoRtoe40wArCx0ZohaEzr3kZfLYUiOmYxo1ubd91KZDQcPZQkJLHANPJFE0bgaooBdvz2V9yHm/F3fav7rnS7mr3jZrMeFz59SNEWxaYGTFBIHyGgF2seTjTs+znY81exBP5rzaU0FYcJJMjtyOyX8n5kzsaH409DilBwTTL2do8U7quynaY6+qePrIVRnP3r6p/R0bHHyZFlySnwpO0VpcbTDTslSUdvJQCTNE7qwxjbFWHmrLFPkUANTckKGVjKDhv7pktJJ2Sj4zvsoUOCMOBcxxu0Vhnuiywk8eYg6FbxAvApWuSOqIh5bzbSkJgdm1a1NGbQ2EsNujBCIpB26y6i1PRxSc96Ucd8cg2cOx5qwAoBGkJk6kCEQrluhmIje05yQnbq+lFOQuWqqyYzrV0QKSUrdYNoGhsGUxBCOxxU5owACEIfQpTVDOS6x33QXWYk0QxnAxnUBbJGuog/ULiYHNJAOx6Fdzj4ByeGmdrYtce7yHESBv1bycOyqcvCVFbiGVlvkob/pztISk03eijeE0OaPK4BZLja3a2gDos12NUQMeSY3ANItGjJkc572tv6JR0DmEkJnEYHRv8h1Kdwou3TD+PCHAAU69/YhGcx12HijuN1TPZK51CwQboj2TMs0ji2rFCqQsW92yyfLExup89H2LN1qLMikoOy9BPI0QFWnjGQZAX9iGeVCn4nNkSDQXMA6OIKKx9FxK7RIGul1CrDhyVjg4P7a0mOYAjo9lX2Nrkn8QnJDZH0AdhQT0fF8uEVFNIARyB/0rtko6aThz2XeQSG+oNZqr8gVpvDmOZqPEcZt8g86D+hXNM4tnxWW5DxZutiP0KLLxrMcARM663sNpSyUcf8AEURiznNLgfqOS5o1au+NzvnyQ+R1urmufdzTlwgKtM3Idh3V/wAJi0t1Fc682V1WAKhb2WjB52IzPwLYLIfOXKizX3KryU0CubndchQz8zLgk0mwSMOSXG5TX4UAbQIlPwegKv8AxFWmO3yKAMajMfIuRXNYBemwggRuNHZHZGQdjY9iiiDYP9ngeCQmceFzPQ+/oVLTp6bIrHC0wF8G3k35ghEMPNOhrSFnhNKukwbaKw49nVG+im8fKlDgyUEn36I3gttaMYCqnEq0yxvYLKtLtdQpMs69kadgNENIS0jdinWiwbS0ho0ULQcZFc+MuYQq/Q9p5FXD3bbBAocylyQ2MhVhcCNiu4xc3E/43Q/EZ4tgtmaS13111sdlyPlXWcHjjc1gkALSRYPI/RJzOoDMSuZXRePFkuJFx1zKdMsZJINfRSnaMfJ8KNumN7RpadwDyLbKXeWNkLaFD6rJtQ7e6GHRtc3c7FagZiwOIa8u9xzS4yB6SDSyONnivcHblWpUB1U6osGskD9cYDmuHVqhIItXmiZaIx0jD4e9VssOE5/m1hXdjF0d0cvjwCeyJWCt+Z/0CldRZM5usGkxjYkkcRdpIQngtd0KlhGzpe4OKkZowdzSUmmlB2bSiyIPILn1+Vq7IPeI08rUwC8U0E9luNluaGlh+tJ8aonUC3cUdiVZRxPFdpAqQldHx1v2t+Xn0XOHmnQfAs0Bqc0fVdfjjTEOy5OEfat7rreUQ7LTjdOUjPm36Yi+Q7ylc7IbcVdZj6jVI7ekuTt2MgtjcfNM9EBgRwhsJkGRl8gAV8yMNZQHRVTIboq0x4T7lWuRUg0MAJshNFoDhsoh9cxRUy4Ec05IA25qCQWm0ZpJ2Wzp5FSi+DTHJljr6pUsLDtyTMYFarVW0C0gEssjXUWUpNcXIskkUg6WoNI5Ur/pX8Nk01Oxmw3sq9xFHdWEP3TVaKkESs7bITQQpRsVbKFJW0AgEhNvAICReKKXIZAI2ieSvuGuyWvYY3UORCoGg2Fe8Nkc1wLSwkG9LqcD9CCkZ14GOwvxo6DKxi6pHXpDgHNPTUqqTHLZSGU4dbXVDS5j42AfbRDyE0WlUEzmteQHnxOTmrlqck2O3bkV00bAy2ht+3IqvjkeHAubVHdXGVJHK1ri0OA2IcOaRzsF8UUUjInNY7du1cugKddoXPsw00sbZSwP6Ai1CGecMNN1C+YcEzg4L3yQvcwim7mjW6QyZo3ZWSWS+XxDVNFClcZBwpormSyBhDJCRXIlKuc4negU1jYj283gdzSLLDvyB7boxglp8VtVueqbexkMIYREXVzjJuvrutNi9i1H8OMM3Db99QKhBdk5LQGxBpHJwBB/VadLNI4F7nAjmSSUTaqBAUg7FFatY93AAj9ESKOa4xG8NDjq3PM2ubdzaut46Yy0eE+2fp/ZckU6At8jGKLyWrpZXEaQuZw/mGldHI7dPT8LFSVyRW5Z1bKvc3dqtWxRz5LI3v0tca1ey62f4HyImMcydtOF+ZZZ5adMfCG1nBMYegKeixy+iu9g+BMieBpgkZ4nQOa5gf2JFJHM4Fk8P8s8L4n3uxw/wUHzldDFicjnmMDNiwpqOgUbSDsRRWGKhsE6GeNpMHLpZVaNgA81ox0LWCwjgWtaaatGFpxe6FQ4tKbboI5LPDaeaiWlqsnKJmOt+iBI4sFDkUz4lM3SJJeTpcDSFvciiaZ5SmY3gE8uSX8QkUWo7GMPRWolNo2XW4ggBP47vLSTbFZstpMs2RJUA2mg+4ctTRh29rNSnYIRcgCBiqyCUm4G7tXRaHAilVyRfaFpBr3SppjYSIs81UVa4eO43QBJ5AmlXMhcxw5aU8ZXMFg0kZl9N+w/DXWjotUjZcV8jiw6XA6tr5FKvyBPPI3QGyXsQ62u/XkUcZMw4eyQx6i1xJB5V+araL5dQxi01fOwVzlFWbGjGku5cxzBXRYn71hy4rqc+MeJD3AohVDakjc57KI2NKGJKcOZs4k5HZXJmeTqVNFxBIyPh008jgDpOkd6AXNQxeT0czz911fHoB+yRPhax0M7tQZsKrcgfmrnhHChLgQuLXNPVpDtkEWu7GxhbpHnJAe8FzQwddN/7tSmhwdNRSTg/wA2lw/tSKY3tJbz+iFp38wFLUWJCDrpv81sxbelW7ImVyQ3RnVRJroD7qqKKwRFv4aRGsa4H7AH6gqzbjxemSvpZpY7E0OGkoiHH8bjqDlS4945rv8Aj0VY35LgJDuR9ExcANBcL71qvnmgVQYe0rVdTHyo7fSwKuSF4yNe/K917zwV+C/gjG5WSJIgLDHmnM/pevAhdLoOGfEPE8ICGKUaOoc21izY5zNeKaWzR6fmv4GcZ8kGXm07Z0bi4Dt7V2K4PIyJHnS17ywHy6nF1fqjZHEszJH2smoHehVBIsB1VaTGLXPJrjTRNoa7nzWnBw2Rg6D0uNFD1Oa6tV90T7MekmqAk/RY11FGLG87UXR7ckzHncHzsZ82lWThbm9dLTnGkIktNEFQkeRvey3xyqStHIyYJwluLTzO3ACQ87eVD80Z7iXFBokqm22UkgjZX8i9WUM1ilTkI0ctFEpMpxTOhY6wmAquCYHawrFhTo79xE1T4JFFaUFxWgSjB7MYtbIZVndBaTe5UwbRWmL3QAgueAFN1Ne1ruVhSAOsVaHk+GxwLzz225rLqto0atKurJuzqodOREIGx6hosj6cigM/dyYZzcsEhFHbU09Ulw6UaC1r+hAN7pyesvh8WXKCJQDHIet8wuW/MjpVswDp2ky6ofKd+a3iAn7MtprjSQx2SSW0eY1YHXkrzAhHjOla+g1tOaeyGfDM84OUolpLM10bcJ5AFtdH7B4V7FlGONrC2y3Y7rncSQTATOg1gPsO9qTeRjYGZIXid8RaNJF8yOqQ7ZognHfYpZ8HPa8eIWPPuZR/tSZwrOdyiYL6mWOv8rmpfiYEDTj6COfVCb8RRO3MDb62xptb7Ao6s8OzGOAf4dj2mZy/Vb8DMaCw+IAemoNaVyOZ8QDIaGCFjQOgQ4uNaY9Oi6HUKWVR2v7BPWhjC5x6NkiSn7Fm2WuLowDuHUP8WuVj47Lux8UMjD0ewbLosTNhkgIe4gVsy1fUiOMih+IGTfshu3ACg4DZebP6r0TjTg6JxjJDK5Lzt5F11tNgwQ2GLerWayQEhgDzEqxdsSifIF7i7jQWoyTI3utPpTh2dYVNbETrc6yGG4QbRYMYyTxxjcudpHdU0HEZIwGuaCug4DxnhsPFIp898rI2kOaWM1UetrHljNKWx0o5sfRH1Ov4z8FT4HCW5zJg+qLmBhaR/crzxs8XmOte68Z+OvhKfg00MXEZHl7CAwROBs9186NIA2KVplKTakmLyZ3HdDzst1ka9k7BLFooykuVESLRG77ArZ8hPYVHVyjZcMlJl0uoj3IVfO8iRw8pb0pAc17d9TlrYjYklFixODF5s6yB2BjmfVDfH7KIJaQaKPdm1poyN7ibo3DoUOqVoACN0s6IWo4lqQJhNijSvMaTU0XzVMYincUuDwCrhaaBnTRZkhYCocy5SY2gnCexK1IPWiNloBX2BG49OoEi0KWMPe5rpA0O5XzJ/wALGeoJbNLnW1po1Y7hI1L8A/Tr6hLhkj4crZvXzDpavYzI7x4GkhrmXR5EqghLHRxvb0dR+hXSsmOjHnHZ56m/p+S5OSSpnSlF9LZRYGSYns1Eh3ItO1Uuhx5ntgzZQLdoe7v5VUZUUTZhlxAeG/ZzB+F45/qF0uBjMlwH0dnkD9TSFzVIVCLk0ix4O+XDxpJCNcTm2YZD5T29ko/M4XI4uP7XET+AaHgdis4plGGKPHjYXGtw3nSXh4RHKwPM1E9KOyCF2x0lBUqPJw6ytEhu12FtrbIA5lXLeGSRw63gV/LI0rYCyoYyM/xoUhew/iA+qv2vihjLpWgurykKrMkc8jjKXNBHMAFWCJta95BHdW2PkOGzm8vdFwMOKR4s+Qda/vSu/wDisOQu8CRzz71pCovqZz+VL4rHUABS4yYU93ddxl4cuM8se0BcTlD7Z/dNghUmN4Fhh7pqR26Fhj7JEemtC1uxZxTEWzEtzcmm8gqIyQJtYXLSGSo0UnuOF3kHdRabUL8g7qbEuHIU2zHKcZpwQisad00WWgIdsUIxaXbclCN6ZDx1TU7qwN4kBSlYHRStp5IRa67tWVyTG55qVBLkkKNnqVVkoaKJF61XO/qKlG8tcDZUUiNF8TyWw8e4S7ZGlo3Ci0gu5pqYrfce6LYQmHoUQIrBNtNFV/EJCx7CnrVVxF7dcTT1KTna6GPwbTTI8Int8sTz5X3v9V0WLkiMmB40kG2OXKMaYJC9ru3dXUPh58rZGPLSD52VvfuPdcbLTTOj1XFl/B4b3TxPj8km4cOQK6XAxX/s+prtWkHkuBe18OYx49wO67qPNOPhueAdxyCRaqrDg9ildkyTcRLmMedGxHLbqrmWKUu1Q45kYRYOoNr6UVQR57nySyFrm2dzSdx5g+Ow9x390fbmgFVuzzZkby+zVK38ciAs1LQZCRfgmvcLV4/RtFa1YVxICR0kPhvAKWjw7a4nbuaViJXDYMatB+onyot/Qrwm8N80Y8JtEHl7p90j42u8Q6j7FwBVeKvkpkRHfa/e1NwaVciUs7nk6gfpa47L3md3XW5JBJAN7Lkcjec906AmRY420Sx6JCKjChImAJUxdlaiU1baQmsDWrCpRUgrRV2hP5ogukJ5UfBUeUMfgU4thyQAfKEdhQRVMKRIuCFe6I5u1odAnmEYAyyjzKNQHIlKNNFNMcOqtFMKL6Ldv6BEbVKLiPdGDZHxOjmqBdRsNtaKwKEN6oqujaC73CIQEK9zsqLG4zsiai08kCB7a9kZ5bYohEgWuR+N+ptnmmG7qvicPdOsPJMTFOJNwAXOZz7zogeQKv5iTyXPzsuUvcQK52s+oew/TonmuJPLSrzgTSA4gbn35EKl8V2lrXHW08muGofkuv4VFHjwOeWtjsdTYF91ycsq2NTbuiGZiZUD4p5IiInjZ4otB9jXI/Qq4dLrxdLneXqFDIlyJHNEExaK87aDmPb7EFaysTVAx8ZI9wNwEtJbDvLt+ikmyY2ubEQSw+3MLqcXh4EDKlHLely8zW4ZaWjU87mxaah4iJIw58DXH3a8sH6BSUWLumDmw8aY3GHMWmYMVaXOTscTWjz67+t0iCNnsGD3C6QNgoMDFa9rXNc+zW3NPS4OJjkiTFka08rYDR7iylAGE02V5re9wihjpOb3Or3cVZQP9hwpTRIA/ia7Sf7hS/4rh8ZGnKeT/C4A2sqjRZRKi9poAg81Ct/U5nibWRzkBmn6UuHyDc5ofiXY8TbpyOvdcfL80UaKLJvoCiXAHcWpcmhAdzRAmE2sbuVpxoKMZVgtB7PJAeUcIDuakuGWgtgtGyYjSw5BMNQIkgtWlnAtNpsIb2gowQIJTkbh1SgO9IoOmirT3KofDXVst+EeZW4ZWkVYTYqt0xJMB7CehBdqbvRVgR7BBLSTRaVbiRSExblstoIz4nM5ckAte7kChSZbaMaDXJboqTIpb3tF0Ec1ZEyLLB3tPxOH1SgCYi5q0Axg3Tuy5ydkz5w0hwaTzXQyPaGGyq/HDv2kb2DzBWXUto06dLex1mLiB0LP2SS+etspv9HWCurzGD9lYGEE7CnbEj2XOvgjblxSXIAel+VW3FHs1wixYILVx8rfzoofkV5IpDHC2CeZ7XigBVAp6TLGPjO0sErCfM0962KqODzuOT4m3sSEzxDIiGHLjMA1GgP1BNKcZGmFKVTafocxk7ZbgXk2/p1B/wBqziZEWXUiBHhue8vyCLu2+4TQysmO2xyuDQdhae5qkZpvctzC1rWk/pajq9hX1RTLjkkOZCSPxNmF9iComZjgS1hcfpVrWpphWbADap12pxks1XqG/wBQgzZjWMbQIr+OlkOZhZFanua8ewBv9UXUXYw4sb6yXE8tS2Iw8AEH3Bu1uebBGnw3yu9yQBSIBj+Hqe4tB6kXf6KuuLCStWcLxlgblGrXHTfMrueLRxeNbRsuMyGVlX9EcQGHPTshFFtCcU0HuCcVKPc7brGsLnUmfIwU3miSBkQ3OyC5uk80ekF4KqT2ZcUTHIIw5BBHII7eSCJcgzCOpUtNpXmVgle1GAELQCo6lDxLKIHt6hQgZjx0TseTWzhsq3U3ojXsiTopqy4aQ4WCt7KnEskXI2EwzOJ2LE2Mxbgyw23QwBXJabkRvHMArNYBRKtwOmROtkBwJKMJA5BcaKrai9zAxwU2HdQbLvSKG7ikISNnd49uqm7FbEBKwncWL3BH0pHbFHM4NLizrqVqMdhifFJUjRuC1xaQsGqtUx+JpxK/hsxn1wveS4XoJHIpribLcCG+ZpK1HjxwSh0ZFE/mtzu1TAuoj2O4K5st8ikMnLezfDm6GmQghZkSMeRIR5gmGFj3DSQGnavZJSxiLWJD6VShKc2xLm3K+7B+KXC3E7nb6K4gl4E2IDIjldJ1Iuv7ELkYZzNmxsjO12F1GVHj+KNTHA6Re3/8WjopIucaSbYnMyIlzhMXauWkV/m0BjpYozbifzTj3wsJbO54v23P6J3Hw+Gvx3aZ3SE8tTS0hM4JbRQNkkkBLdyDvydXcJ7HdGGnXExp9wKv8lZY2NHGJbFO/DSrJoNOtwjcT1LXB36gclTnaCe6GmZr7OqOGqoERtB/VCExbqa5kbg4HctSEc8mk0W6Qd7R4DAX+eU79BIf9tKKGw1TXSkIcQ8PU2qG65fJB8fl0XTcVhYyQOBFdwqCVjnG6WiDsGQH8KEUcROK14JJ3TgAOrlRTDIjzK0Iw3ekWOUOdR2KJASM0Eb0l5eSsyPKq+Ru6GfBcQTPSiBa07LYQxCaNWo2pqBTAAZNFGY5vVBK3yUIwxHUIzHEi0IHZGY4AqFEwT7LV30RdTa5LTqI2VpbEtgqR2Ha73UTQCwBXexQZslG1t89uFUly5DO6iZFFMtANTBsAVNlgpKJ7gKJtMxv1PARFVyPYbi5xQppZ4pi0EltpvGj0OJAWZUTQfE6nZL1WO8Tf6AwzrI16hWuedJcaBHJba7VJZPIAKIDJomg2COVLf7LK2MgGne52XC36jW4MgxrD4zQ7c3YO4W2yYwhdi5jnAVUcumzH3A5tUjj65GvEkbSR1NbhNOxJGMJdET2IcO4IJtW5NcMCWOt0JYHCjhznxtwKLSOTvZwPUI2XxOETuGuqVpiSDJxXwuouZuwjpfRUE2G0yF1Ag7tP0TOu3VlPdJNlhPgMyWOkbMA5vS90DEikgBcXmqPNDllfFN4gILRzFpjxHeE6RjgWO3orRsM6FQ1jyPndraTQFGknPFK2Vz4NTupOoWmIH6YQYzRJ6JGeOZnnAP1IQtU0RrYMZnOZT8WOVx/jBDv1CJBDjCJxD3xnq1zA4DsRRS4mgnYGzPLemsCyD22RGYWTYEWfjyN6W50Z/MOFf3RJxWxcU64Ec7Ge6MyNlgfQ5NkAd+j6cqCQkX9V0udg5cO8sdfVrg5v6tJXNzMIcn42r2ZJIC15AUrHNDJWBwvdOsCgnNKSWyTUE5qZXMJaUWEfCKSp2WMTg+O73Ss4paxX9ETKBQy4KjtIXabYtLI+SzqqiFIgQVpGCgQjABFYscFGlTLoMFMKDVsqFBxJ0Rw8EJEOA6o7XIktirDbFa8Zo2Q7PRTDWnuqI2TFOUXMao73QWUepVlo23Q3kURkwY8G0uasbrHc+al0V3OrgmEoBb7ckaZ4bE4uF0FyUUkkbgQ6l0GNO2YAP8AV9eSZPJ1YmmuwhQ6cilfcZjboxBO2Qc1MTT5LmRuI01fsoTtMeLM6KLybWiYkzYog90YcCCQDYJvsQuFk5s7EI3BM0PBkErdvLv7o2NO5uO8NkH0s0loY8OGYvhZovmNWo/qpumjMbwLa7mWvbqYUh7icku1D+LNDrOU1jo5GkB4FEEE+rZFymFszvC9B8zexNqhx85kWSDLjuaHfiY4hpH1BsFdU2ODQzYkadumyGdp2IdLsc/mPdqdHNqcx24cCRX6KULGCA6KcwD+LdYsW+hnYVjJ3NAAnbkjMLmsdqNC+QNrFiZzRHwD+zcCWyF3dtEI2PiPeC5riAOZLNv8hYsQTSphQ3DhrWgtYQCf4LN/la5fMY6Odwc0jrypYsTsCVlT4FvDa4IZx1ixbKQlswQUoubYIWLFJIiYsxxY5OSuD4wbWLEt8BegvHyK0eaxYpEGRJq05YsRggjagVixQJcEm2pgO6rFiso1W6YaW0sWKA9yQpSKxYoQwfVDc4nZYsUIiPUKbtysWKFdyQCfxJakAWLEDZbRYZcuWHtbGCY5BR22SQyTj/Yvtp2IDtlixcrI/FX7Nqk1GKLLCyYmkl/1No888UrQQb0kk/VYsWdeZiZ+YCyKMxl+MDJFf2kD7AP1YehVrHM8xs8KR5YBXro/n9VixVkYEj//2Q=='),(2,'hero2',1,1,1,1,1,1,1,'Fuck off!',1,NULL,NULL),(3,'hero3',1,1,1,1,1,1,1,'Fuck off!',2,NULL,NULL),(4,'hero4',1,1,1,1,1,1,1,'Fuck off!',2,NULL,NULL);
/*!40000 ALTER TABLE `heroes` ENABLE KEYS */;
UNLOCK TABLES;

--
-- Table structure for table `users`
--

DROP TABLE IF EXISTS `users`;
/*!40101 SET @saved_cs_client     = @@character_set_client */;
/*!50503 SET character_set_client = utf8mb4 */;
CREATE TABLE `users` (
  `id` int(11) NOT NULL AUTO_INCREMENT,
  `username` varchar(255) NOT NULL,
  `password` varchar(255) NOT NULL,
  PRIMARY KEY (`id`)
) ENGINE=InnoDB AUTO_INCREMENT=4 DEFAULT CHARSET=utf8mb4 COLLATE=utf8mb4_0900_ai_ci;
/*!40101 SET character_set_client = @saved_cs_client */;

--
-- Dumping data for table `users`
--

LOCK TABLES `users` WRITE;
/*!40000 ALTER TABLE `users` DISABLE KEYS */;
INSERT INTO `users` VALUES (1,'Daniel','xxxx5555'),(2,'Vivien','xxxx6666'),(3,'Attila','xxxx5555');
/*!40000 ALTER TABLE `users` ENABLE KEYS */;
UNLOCK TABLES;
/*!40103 SET TIME_ZONE=@OLD_TIME_ZONE */;

/*!40101 SET SQL_MODE=@OLD_SQL_MODE */;
/*!40014 SET FOREIGN_KEY_CHECKS=@OLD_FOREIGN_KEY_CHECKS */;
/*!40014 SET UNIQUE_CHECKS=@OLD_UNIQUE_CHECKS */;
/*!40101 SET CHARACTER_SET_CLIENT=@OLD_CHARACTER_SET_CLIENT */;
/*!40101 SET CHARACTER_SET_RESULTS=@OLD_CHARACTER_SET_RESULTS */;
/*!40101 SET COLLATION_CONNECTION=@OLD_COLLATION_CONNECTION */;
/*!40111 SET SQL_NOTES=@OLD_SQL_NOTES */;

-- Dump completed on 2020-01-09 14:27:23
